"ID","Lat","Lon","Qe","Suf"
"G_2",-70,-169.95,-10.0292267119895,1
"G_2",-75,-160,15.9694889563529,1
"G_2",-75,-179.9,-6.40795109421844,1
"G_3",-60,-169.95,-11.9927904612868,1
"G_3",-65,-160,-51.1249437542072,1
"G_3",-70,-169.95,10.0292267119895,1
"G_3",-65,-179.9,53.2530616128415,1
"G_4",-50,-169.95,32.5925411757619,1
"G_4",-55,-160,-118.405954970233,1
"G_4",-60,-169.95,11.9927904612868,1
"G_4",-55,-179.9,74.2960733836687,1
"G_5",-40,-169.95,-10.5282618128748,1
"G_5",-45,-160,-34.634896215733,1
"G_5",-50,-169.95,-32.5925411757619,1
"G_5",-45,-179.9,78.3089523338267,1
"G_7",-70,-150,2.32216903332061,1
"G_7",-75,-140,13.7302420893079,1
"G_7",-75,-160,-15.9694889563529,1
"G_8",-60,-150,-30.566254128928,1
"G_8",-65,-140,-18.5459636614651,1
"G_8",-70,-150,-2.32216903332061,1
"G_8",-65,-160,51.1249437542072,1
"G_9",-50,-150,19.6285567620838,1
"G_9",-55,-140,-169.03852190917,1
"G_9",-60,-150,30.566254128928,1
"G_9",-55,-160,118.405954970233,1
"G_10",-40,-150,-13.2271335709008,1
"G_10",-45,-140,-2.27079673839741,1
"G_10",-50,-150,-19.6285567620838,1
"G_10",-45,-160,34.634896215733,1
"G_12",-70,-130,15.3924650748541,1
"G_12",-75,-120,-1.66664174655998,1
"G_12",-75,-140,-13.7302420893079,1
"G_13",-60,-130,49.8732737090811,1
"G_13",-65,-120,-52.8768233049832,1
"G_13",-70,-130,-15.3924650748541,1
"G_13",-65,-140,18.5459636614651,1
"G_14",-50,-130,-15.0866156951617,1
"G_14",-55,-120,-104.184822130539,1
"G_14",-60,-130,-49.8732737090811,1
"G_14",-55,-140,169.03852190917,1
"G_15",-40,-130,-5.98379141898606,1
"G_15",-45,-120,-11.3205907385906,1
"G_15",-50,-130,15.0866156951617,1
"G_15",-45,-140,2.27079673839737,1
"G_17",-70,-110,-0.971585329677118,1
"G_17",-75,-100,-0.675622263300638,1
"G_17",-75,-120,1.66664174655998,1
"G_18",-60,-110,20.4556582177251,1
"G_18",-65,-100,-74.1570256338106,1
"G_18",-70,-110,0.971585329677119,1
"G_18",-65,-120,52.8768233049832,1
"G_19",-50,-110,-3.47985341744269,1
"G_19",-55,-100,-79.7086403339636,1
"G_19",-60,-110,-20.455658217725,1
"G_19",-55,-120,104.184822130539,1
"G_20",-40,-110,-5.60121362973105,1
"G_20",-45,-100,-9.10018187229676,1
"G_20",-50,-110,3.47985341744276,1
"G_20",-45,-120,11.3205907385906,1
"G_22",-70,-90,-0.0786220804747561,1
"G_22",-75,-80,-0.413827762626763,1
"G_22",-75,-100,0.675622263300638,1
"G_23",-60,-90,16.1649211611923,1
"G_23",-65,-80,-90.7807070188984,1
"G_23",-70,-90,0.078622080474755,1
"G_23",-65,-100,74.1570256338106,1
"G_24",-50,-90,-0.250646007703639,1
"G_24",-55,-80,-63.1143298615054,1
"G_24",-60,-90,-16.1649211611923,1
"G_24",-55,-100,79.7086403339637,1
"G_25",-40,-90,-7.04030930468442,1
"G_25",-45,-80,-2.42715631254825,1
"G_25",-50,-90,0.250646007703644,1
"G_25",-45,-100,9.10018187229679,1
"G_27",-70,-70,-0.600012783069496,1
"G_27",-75,-60,0.206224979963704,1
"G_27",-75,-80,0.413827762626747,1
"G_28",-60,-70,-69.4717760138684,1
"G_28",-65,-60,-22.1745430787765,1
"G_28",-70,-70,0.600012783069497,1
"G_28",-65,-80,90.7807070188984,1
"G_29",-50,-70,-1.00400165475289,1
"G_29",-55,-60,-132.681365330011,1
"G_29",-60,-70,69.4717760138684,1
"G_29",-55,-80,63.1143298615054,1
"G_30",-40,-70,-1.87113542514478,1
"G_30",-45,-60,-2.35818149892369,1
"G_30",-50,-70,1.00400165475289,1
"G_30",-45,-80,2.42715631254823,1
"G_32",-70,-50,-12.6910080574616,1
"G_32",-75,-40,12.5910213747255,1
"G_32",-75,-60,-0.206224979963703,1
"G_33",-60,-50,-30.287574477682,1
"G_33",-65,-40,-5.50167755049048,1
"G_33",-70,-50,12.6910080574617,1
"G_33",-65,-60,22.1745430787765,1
"G_34",-50,-50,-120.098658070577,1
"G_34",-55,-40,-41.4964808986163,1
"G_34",-60,-50,30.287574477682,1
"G_34",-55,-60,132.681365330011,1
"G_35",-40,-50,32.661546226536,1
"G_35",-45,-40,-156.522434941659,1
"G_35",-50,-50,120.098658070577,1
"G_35",-45,-60,2.3581814989237,1
"G_37",-70,-30,-1.73252893108681,1
"G_37",-75,-20,14.2971539334397,1
"G_37",-75,-40,-12.5910213747255,1
"G_38",-60,-30,-13.0879621621309,1
"G_38",-65,-20,5.22805732410586,1
"G_38",-70,-30,1.73252893108681,1
"G_38",-65,-40,5.50167755049031,1
"G_39",-50,-30,21.3835680925235,1
"G_39",-55,-20,-75.2791217146724,1
"G_39",-60,-30,13.087962162131,1
"G_39",-55,-40,41.4964808986165,1
"G_40",-40,-30,-10.5188087258816,1
"G_40",-45,-20,-123.87810811827,1
"G_40",-50,-30,-21.3835680925229,1
"G_40",-45,-40,156.522434941659,1
"G_42",-70,-10,14.2728819186096,1
"G_42",-75,-20,-14.2971539334397,1
"G_43",-60,-10,-20.699056744808,1
"G_43",-65,0,40.2244558915041,1
"G_43",-70,-10,-14.2728819186096,1
"G_43",-65,-20,-5.22805732410586,1
"G_44",-50,-10,-2.93519379760448,1
"G_44",-55,0,-93.6348463124709,1
"G_44",-60,-10,20.699056744808,1
"G_44",-55,-20,75.2791217146725,1
"G_45",-40,-10,-13.3689993051066,1
"G_45",-45,0,-114.441386618093,1
"G_45",-50,-10,2.93519379760452,1
"G_45",-45,-20,123.87810811827,1
"G_47",-70,10,-0.0493589770808562,1
"G_48",-60,10,15.1779424576901,1
"G_48",-65,20,24.9853167330708,1
"G_48",-70,10,0.0493589770808569,1
"G_48",-65,0,-40.2244558915041,1
"G_49",-50,10,-3.93345947360381,1
"G_49",-55,20,-74.5738539464188,1
"G_49",-60,10,-15.1779424576901,1
"G_49",-55,0,93.634846312471,1
"G_50",-40,10,36.9045483199787,1
"G_50",-45,20,-155.067016398485,1
"G_50",-50,10,3.93345947360412,1
"G_50",-45,0,114.441386618093,1
"G_52",-70,30,-0.0187609663053152,1
"G_53",-60,30,11.694868592012,1
"G_53",-65,40,13.5969534844284,1
"G_53",-70,30,0.0187609663053153,1
"G_53",-65,20,-24.9853167330708,1
"G_54",-50,30,9.92068061424538,1
"G_54",-55,40,-72.7310057462809,1
"G_54",-60,30,-11.6948685920114,1
"G_54",-55,20,74.5738539464188,1
"G_55",-40,30,-27.9008432644965,1
"G_55",-45,40,-116.90386466606,1
"G_55",-50,30,-9.92068061424541,1
"G_55",-45,20,155.067016398485,1
"G_58",-60,50,20.6730136683413,1
"G_58",-65,60,-7.07218078871526,1
"G_58",-65,40,-13.5969534844284,1
"G_59",-50,50,-5.23813231120506,1
"G_59",-55,60,-46.1664936172964,1
"G_59",-60,50,-20.6730136683413,1
"G_59",-55,40,72.731005746281,1
"G_60",-40,50,33.6753459659513,1
"G_60",-45,60,-154.027318436305,1
"G_60",-50,50,5.23813231120501,1
"G_60",-45,40,116.90386466606,1
"G_63",-60,70,16.0912542443944,1
"G_63",-65,80,-23.4897028827886,1
"G_63",-65,60,7.07218078871526,1
"G_64",-50,70,13.5550276468156,1
"G_64",-55,80,-43.9600845371967,1
"G_64",-60,70,-16.0912542443944,1
"G_64",-55,60,46.1664936172964,1
"G_65",-40,70,-0.713124157593457,1
"G_65",-45,80,-139.655620979109,1
"G_65",-50,70,-13.5550276468156,1
"G_65",-45,60,154.027318436305,1
"G_68",-60,90,-26.8591128806742,1
"G_68",-65,100,2.63283949586458,1
"G_68",-65,80,23.4897028827886,1
"G_69",-50,90,39.5120487147865,1
"G_69",-55,100,-110.182786681793,1
"G_69",-60,90,26.8591128806742,1
"G_69",-55,80,43.9600845371966,1
"G_70",-40,90,-18.0610607541352,1
"G_70",-45,100,-81.7959889327639,1
"G_70",-50,90,-39.5120487147865,1
"G_70",-45,80,139.655620979109,1
"G_73",-60,110,15.8704639866678,1
"G_73",-65,120,-13.0460817340924,1
"G_73",-65,100,-2.63283949586468,1
"G_74",-50,110,18.5300018960707,1
"G_74",-55,120,-113.538274230802,1
"G_74",-60,110,-15.8704639866678,1
"G_74",-55,100,110.182786681794,1
"G_75",-40,110,-10.0256225498102,1
"G_75",-45,120,-52.5340980401575,1
"G_75",-50,110,-18.5300018960707,1
"G_75",-45,100,81.7959889327639,1
"G_78",-60,130,15.6245432373076,1
"G_78",-65,140,-28.7265308217371,1
"G_78",-65,120,13.0460817340924,1
"G_79",-50,130,3.14945034059485,1
"G_79",-55,140,-101.517460777769,1
"G_79",-60,130,-15.6245432373076,1
"G_79",-55,120,113.538274230801,1
"G_80",-40,130,-3.1991050249999,1
"G_80",-45,140,-45.7713587821758,1
"G_80",-50,130,-3.14945034059479,1
"G_80",-45,120,52.5340980401575,1
"G_83",-60,150,-21.5867093559408,1
"G_83",-65,160,-8.49556885035315,1
"G_83",-65,140,28.7265308217371,1
"G_84",-50,150,53.8246768612212,1
"G_84",-55,160,-178.908829778436,1
"G_84",-60,150,21.5867093559408,1
"G_84",-55,140,101.517460777769,1
"G_85",-40,150,8.17962969977855,1
"G_85",-45,160,-0.710038288398634,1
"G_85",-50,150,-53.8246768612212,1
"G_85",-45,140,45.7713587821758,1
"G_87",-70,169.95,-6.28349111724505,1
"G_87",-75,179.9,6.30557281410653,1
"G_88",-60,169.95,39.1363415334968,1
"G_88",-65,179.9,-53.925736294278,1
"G_88",-70,169.95,6.28349111724505,1
"G_88",-65,160,8.49556885035315,1
"G_89",-50,169.95,-59.9632913786588,1
"G_89",-55,179.9,-78.7183627216795,1
"G_89",-60,169.95,-39.1363415334968,1
"G_89",-55,160,178.908829778436,1
"G_90",-40,169.95,13.6416625859074,1
"G_90",-45,179.9,-72.4359650714343,1
"G_90",-50,169.95,59.9632913786589,1
"G_90",-45,160,0.710038288398665,1
"G_2",-70,-169.95,-9.31195829835561,2
"G_2",-75,-160,16.5539727086212,2
"G_2",-75,-179.9,-7.68975155076709,2
"G_3",-60,-169.95,-12.4314366496313,2
"G_3",-65,-160,-50.9193506193161,2
"G_3",-70,-169.95,9.31195829835561,2
"G_3",-65,-179.9,54.231034663852,2
"G_4",-50,-169.95,40.1905400453616,2
"G_4",-55,-160,-122.767693665642,2
"G_4",-60,-169.95,12.4314366496313,2
"G_4",-55,-179.9,70.7506525495652,2
"G_5",-40,-169.95,-13.9139565345265,2
"G_5",-45,-160,-30.4715013122468,2
"G_5",-50,-169.95,-40.1905400453616,2
"G_5",-45,-179.9,85.4355889249257,2
"G_7",-70,-150,6.261182752637,2
"G_7",-75,-140,10.2723036225853,2
"G_7",-75,-160,-16.5539727086212,2
"G_8",-60,-150,-31.1764667856486,2
"G_8",-65,-140,-13.5946550879088,2
"G_8",-70,-150,-6.26118275263699,2
"G_8",-65,-160,50.9193506193162,2
"G_9",-50,-150,16.0907007204168,2
"G_9",-55,-140,-170.677062666176,2
"G_9",-60,-150,31.1764667856486,2
"G_9",-55,-160,122.767693665642,2
"G_10",-40,-150,-12.7760280086689,2
"G_10",-45,-140,-1.88062585984201,2
"G_10",-50,-150,-16.0907007204168,2
"G_10",-45,-160,30.4715013122468,2
"G_12",-70,-130,12.0329375975703,2
"G_12",-75,-120,-1.63856588576035,2
"G_12",-75,-140,-10.2723036225853,2
"G_13",-60,-130,48.1680101034331,2
"G_13",-65,-120,-49.7550357515885,2
"G_13",-70,-130,-12.0329375975703,2
"G_13",-65,-140,13.5946550879088,2
"G_14",-50,-130,-14.8264069683698,2
"G_14",-55,-120,-107.814555756367,2
"G_14",-60,-130,-48.1680101034331,2
"G_14",-55,-140,170.677062666176,2
"G_15",-40,-130,-5.91086105423659,2
"G_15",-45,-120,-10.8743151453324,2
"G_15",-50,-130,14.8264069683698,2
"G_15",-45,-140,1.88062585984196,2
"G_17",-70,-110,0.100903699942515,2
"G_17",-75,-100,-1.69529342752666,2
"G_17",-75,-120,1.63856588576035,2
"G_18",-60,-110,23.4445897541029,2
"G_18",-65,-100,-73.0441077046515,2
"G_18",-70,-110,-0.100903699942514,2
"G_18",-65,-120,49.7550357515885,2
"G_19",-50,-110,0.601803230845778,2
"G_19",-55,-100,-84.2888661350968,2
"G_19",-60,-110,-23.4445897541029,2
"G_19",-55,-120,107.814555756367,2
"G_20",-40,-110,-3.62368882647588,2
"G_20",-45,-100,-6.40476630044157,2
"G_20",-50,-110,-0.601803230845682,2
"G_20",-45,-120,10.8743151453323,2
"G_22",-70,-90,-1.12653133763562,2
"G_22",-75,-80,-0.455634122813071,2
"G_22",-75,-100,1.69529342752666,2
"G_23",-60,-90,16.5005190985611,2
"G_23",-65,-80,-91.0148079989112,2
"G_23",-70,-90,1.12653133763562,2
"G_23",-65,-100,73.0441077046514,2
"G_24",-50,-90,-2.80405452746203,2
"G_24",-55,-80,-64.8487903985942,2
"G_24",-60,-90,-16.5005190985611,2
"G_24",-55,-100,84.2888661350969,2
"G_25",-40,-90,-9.39933207054669,2
"G_25",-45,-80,-0.0127046511576366,2
"G_25",-50,-90,2.80405452746203,2
"G_25",-45,-100,6.40476630044158,2
"G_27",-70,-70,-0.675689706581994,2
"G_27",-75,-60,0.227557163357555,2
"G_27",-75,-80,0.455634122813053,2
"G_28",-60,-70,-69.6218846205112,2
"G_28",-65,-60,-22.3225745935478,2
"G_28",-70,-70,0.675689706581995,2
"G_28",-65,-80,91.0148079989113,2
"G_29",-50,-70,-3.13362419973531,2
"G_29",-55,-60,-132.401681332662,2
"G_29",-60,-70,69.6218846205112,2
"G_29",-55,-80,64.8487903985942,2
"G_30",-40,-70,-1.4987670908772,2
"G_30",-45,-60,-2.31902123752678,2
"G_30",-50,-70,3.13362419973531,2
"G_30",-45,-80,0.0127046511576244,2
"G_32",-70,-50,-13.6168798836057,2
"G_32",-75,-40,13.5382871602828,2
"G_32",-75,-60,-0.227557163357555,2
"G_33",-60,-50,-29.9521247982256,2
"G_33",-65,-40,-6.97729095971159,2
"G_33",-70,-50,13.6168798836057,2
"G_33",-65,-60,22.3225745935478,2
"G_34",-50,-50,-117.827019490074,2
"G_34",-55,-40,-42.979977133738,2
"G_34",-60,-50,29.9521247982256,2
"G_34",-55,-60,132.401681332661,2
"G_35",-40,-50,52.8649378647474,2
"G_35",-45,-40,-174.402291240835,2
"G_35",-50,-50,117.827019490074,2
"G_35",-45,-60,2.31902123752679,2
"G_37",-70,-30,-2.02359722719759,2
"G_37",-75,-20,15.5361246105864,2
"G_37",-75,-40,-13.5382871602828,2
"G_38",-60,-30,-11.9562293202225,2
"G_38",-65,-20,2.10910933566393,2
"G_38",-70,-30,2.02359722719759,2
"G_38",-65,-40,6.97729095971143,2
"G_39",-50,-30,25.8653853026859,2
"G_39",-55,-20,-79.9963121811849,2
"G_39",-60,-30,11.9562293202226,2
"G_39",-55,-40,42.9799771337383,2
"G_40",-40,-30,-28.9005127294442,2
"G_40",-45,-20,-118.882737232855,2
"G_40",-50,-30,-25.8653853026855,2
"G_40",-45,-40,174.402291240835,2
"G_42",-70,-10,15.5032525906285,2
"G_42",-75,-20,-15.5361246105864,2
"G_43",-60,-10,-23.0547541883698,2
"G_43",-65,0,40.7133384161373,2
"G_43",-70,-10,-15.5032525906285,2
"G_43",-65,-20,-2.10910933566394,2
"G_44",-50,-10,-7.98716137253556,2
"G_44",-55,0,-95.5884705350361,2
"G_44",-60,-10,23.0547541883698,2
"G_44",-55,-20,79.9963121811849,2
"G_45",-40,-10,-16.216606309723,2
"G_45",-45,0,-111.992852774254,2
"G_45",-50,-10,7.98716137253566,2
"G_45",-45,-20,118.882737232855,2
"G_47",-70,10,-0.0635720776679991,2
"G_48",-60,10,16.0554023099908,2
"G_48",-65,20,24.788639561652,2
"G_48",-70,10,0.0635720776680002,2
"G_48",-65,0,-40.7133384161373,2
"G_49",-50,10,0.470980698258385,2
"G_49",-55,20,-79.9726423345114,2
"G_49",-60,10,-16.0554023099907,2
"G_49",-55,0,95.588470535036,2
"G_50",-40,10,8.64461247026215,2
"G_50",-45,20,-119.851125075125,2
"G_50",-50,10,-0.470980698258112,2
"G_50",-45,0,111.992852774255,2
"G_52",-70,30,-0.025606083142463,2
"G_53",-60,30,20.2175850397993,2
"G_53",-65,40,5.00327984163887,2
"G_53",-70,30,0.025606083142463,2
"G_53",-65,20,-24.7886395616521,2
"G_54",-50,30,8.8589723321976,2
"G_54",-55,40,-68.8387678757271,2
"G_54",-60,30,-20.2175850397988,2
"G_54",-55,20,79.9726423345114,2
"G_55",-40,30,9.22737985468699,2
"G_55",-45,40,-120.176110298049,2
"G_55",-50,30,-8.85897233219747,2
"G_55",-45,20,119.851125075125,2
"G_58",-60,50,19.9914618460286,2
"G_58",-65,60,-15.1235326807286,2
"G_58",-65,40,-5.00327984163886,2
"G_59",-50,50,-4.80545651807137,2
"G_59",-55,60,-42.9339181597684,2
"G_59",-60,50,-19.9914618460285,2
"G_59",-55,40,68.8387678757274,2
"G_60",-40,50,22.1283438858524,2
"G_60",-45,60,-145.031565144901,2
"G_60",-50,50,4.80545651807131,2
"G_60",-45,40,120.176110298049,2
"G_63",-60,70,10.8136590516244,2
"G_63",-65,80,-26.3219438059377,2
"G_63",-65,60,15.1235326807287,2
"G_64",-50,70,15.7883440057223,2
"G_64",-55,80,-48.3052017316739,2
"G_64",-60,70,-10.8136590516244,2
"G_64",-55,60,42.9339181597684,2
"G_65",-40,70,8.37038081875136,2
"G_65",-45,80,-137.027466583888,2
"G_65",-50,70,-15.7883440057223,2
"G_65",-45,60,145.031565144902,2
"G_68",-60,90,-30.222238871616,2
"G_68",-65,100,3.17833540941761,2
"G_68",-65,80,26.3219438059377,2
"G_69",-50,90,36.1846058061285,2
"G_69",-55,100,-114.62751506816,2
"G_69",-60,90,30.222238871616,2
"G_69",-55,80,48.3052017316738,2
"G_70",-40,90,-19.7919577163312,2
"G_70",-45,100,-80.7882344913513,2
"G_70",-50,90,-36.1846058061284,2
"G_70",-45,80,137.027466583888,2
"G_73",-60,110,21.246868808688,2
"G_73",-65,120,-17.9027629075486,2
"G_73",-65,100,-3.1783354094177,2
"G_74",-50,110,17.6457382748914,2
"G_74",-55,120,-112.329830021221,2
"G_74",-60,110,-21.246868808688,2
"G_74",-55,100,114.62751506816,2
"G_75",-40,110,-12.7708777950454,2
"G_75",-45,120,-49.2814705028689,2
"G_75",-50,110,-17.6457382748914,2
"G_75",-45,100,80.7882344913512,2
"G_78",-60,130,12.3191869572834,2
"G_78",-65,140,-30.4636773885793,2
"G_78",-65,120,17.9027629075486,2
"G_79",-50,130,3.03183644651569,2
"G_79",-55,140,-103.739023453958,2
"G_79",-60,130,-12.3191869572834,2
"G_79",-55,120,112.329830021221,2
"G_80",-40,130,-4.04266802970059,2
"G_80",-45,140,-41.5028495562365,2
"G_80",-50,130,-3.03183644651566,2
"G_80",-45,120,49.2814705028689,2
"G_83",-60,150,-24.196294061108,2
"G_83",-65,160,-7.55858360213101,2
"G_83",-65,140,30.4636773885793,2
"G_84",-50,150,49.5560773512875,2
"G_84",-55,160,-179.354789177861,2
"G_84",-60,150,24.196294061108,2
"G_84",-55,140,103.739023453958,2
"G_85",-40,150,6.74589158039375,2
"G_85",-45,160,0.761352647115818,2
"G_85",-50,150,-49.5560773512875,2
"G_85",-45,140,41.5028495562365,2
"G_87",-70,169.95,-7.55227734345971,2
"G_87",-75,179.9,7.52451937681174,2
"G_88",-60,169.95,39.6830726469007,2
"G_88",-65,179.9,-54.7997884745875,2
"G_88",-70,169.95,7.5522773434597,2
"G_88",-65,160,7.55858360213101,2
"G_89",-50,169.95,-63.2737129328469,2
"G_89",-55,179.9,-75.5176543038628,2
"G_89",-60,169.95,-39.6830726469007,2
"G_89",-55,160,179.354789177861,2
"G_90",-40,169.95,19.7440914679454,2
"G_90",-45,179.9,-80.3868804567559,2
"G_90",-50,169.95,63.2737129328469,2
"G_90",-45,160,-0.761352647115811,2
"G_2",-70,-169.95,-9.88607715246003,3
"G_2",-75,-160,18.2449686328049,3
"G_2",-75,-179.9,-8.8087446377784,3
"G_3",-60,-169.95,-14.7212795852112,3
"G_3",-65,-160,-51.0501679163886,3
"G_3",-70,-169.95,9.88607715246003,3
"G_3",-65,-179.9,56.1963466831437,3
"G_4",-50,-169.95,36.0129949332119,3
"G_4",-55,-160,-125.712385466991,3
"G_4",-60,-169.95,14.7212795852112,3
"G_4",-55,-179.9,75.6209804073507,3
"G_5",-40,-169.95,-16.8407209130382,3
"G_5",-45,-160,-30.8411701178612,3
"G_5",-50,-169.95,-36.0129949332119,3
"G_5",-45,-179.9,84.4878882051933,3
"G_7",-70,-150,2.60356613289213,3
"G_7",-75,-140,15.6102142837975,3
"G_7",-75,-160,-18.2449686328049,3
"G_8",-60,-150,-31.3736838465694,3
"G_8",-65,-140,-17.3640854748363,3
"G_8",-70,-150,-2.60356613289213,3
"G_8",-65,-160,51.0501679163886,3
"G_9",-50,-150,14.8447683952397,3
"G_9",-55,-140,-172.552977064628,3
"G_9",-60,-150,31.3736838465694,3
"G_9",-55,-160,125.712385466991,3
"G_10",-40,-150,-12.4513150048658,3
"G_10",-45,-140,-3.98004531229021,3
"G_10",-50,-150,-14.8447683952397,3
"G_10",-45,-160,30.8411701178611,3
"G_12",-70,-130,17.4669657101057,3
"G_12",-75,-120,-1.73963137077766,3
"G_12",-75,-140,-15.6102142837975,3
"G_13",-60,-130,45.9511612086045,3
"G_13",-65,-120,-45.8583431387066,3
"G_13",-70,-130,-17.4669657101057,3
"G_13",-65,-140,17.3640854748363,3
"G_14",-50,-130,-15.3743740207019,3
"G_14",-55,-120,-111.21605515254,3
"G_14",-60,-130,-45.9511612086045,3
"G_14",-55,-140,172.552977064628,3
"G_15",-40,-130,-8.19538936705361,3
"G_15",-45,-120,-11.1518804255766,3
"G_15",-50,-130,15.3743740207019,3
"G_15",-45,-140,3.98004531229018,3
"G_17",-70,-110,0.607158030195724,3
"G_17",-75,-100,-2.41940804205509,3
"G_17",-75,-120,1.73963137077766,3
"G_18",-60,-110,25.2378229511562,3
"G_18",-65,-100,-70.2505094657351,3
"G_18",-70,-110,-0.607158030195721,3
"G_18",-65,-120,45.8583431387066,3
"G_19",-50,-110,-2.67510666384919,3
"G_19",-55,-100,-82.7425566146923,3
"G_19",-60,-110,-25.2378229511562,3
"G_19",-55,-120,111.21605515254,3
"G_20",-40,-110,-3.5436579347207,3
"G_20",-45,-100,-10.2185890643953,3
"G_20",-50,-110,2.67510666384929,3
"G_20",-45,-120,11.1518804255766,3
"G_22",-70,-90,-1.78582664251928,3
"G_22",-75,-80,-0.419140376804672,3
"G_22",-75,-100,2.41940804205509,3
"G_23",-60,-90,17.4057701606036,3
"G_23",-65,-80,-89.9020305502553,3
"G_23",-70,-90,1.78582664251928,3
"G_23",-65,-100,70.2505094657351,3
"G_24",-50,-90,0.919553011384205,3
"G_24",-55,-80,-66.14170585738,3
"G_24",-60,-90,-17.4057701606036,3
"G_24",-55,-100,82.7425566146924,3
"G_25",-40,-90,-7.46516759841024,3
"G_25",-45,-80,-1.937567340739,3
"G_25",-50,-90,-0.919553011384201,3
"G_25",-45,-100,10.2185890643953,3
"G_27",-70,-70,-0.697372296944629,3
"G_27",-75,-60,0.28495965165537,3
"G_27",-75,-80,0.41914037680465,3
"G_28",-60,-70,-67.2684566735295,3
"G_28",-65,-60,-23.60473132929,3
"G_28",-70,-70,0.697372296944629,3
"G_28",-65,-80,89.9020305502553,3
"G_29",-50,-70,-0.599225714652405,3
"G_29",-55,-60,-133.918105811076,3
"G_29",-60,-70,67.2684566735295,3
"G_29",-55,-80,66.14170585738,3
"G_30",-40,-70,-0.85180331219859,3
"G_30",-45,-60,-2.42574672589759,3
"G_30",-50,-70,0.599225714652408,3
"G_30",-45,-80,1.93756734073899,3
"G_32",-70,-50,-15.2566560883331,3
"G_32",-75,-40,15.2382109077487,3
"G_32",-75,-60,-0.28495965165537,3
"G_33",-60,-50,-32.7580853337339,3
"G_33",-65,-40,-6.87084563689458,3
"G_33",-70,-50,15.2566560883332,3
"G_33",-65,-60,23.60473132929,3
"G_34",-50,-50,-121.431539143117,3
"G_34",-55,-40,-44.0562309806007,3
"G_34",-60,-50,32.7580853337339,3
"G_34",-55,-60,133.918105811075,3
"G_35",-40,-50,60.080201228655,3
"G_35",-45,-40,-185.386405412191,3
"G_35",-50,-50,121.431539143117,3
"G_35",-45,-60,2.42574672589761,3
"G_37",-70,-30,-3.48650358977229,3
"G_37",-75,-20,18.7442365481409,3
"G_37",-75,-40,-15.2382109077487,3
"G_38",-60,-30,-12.1360585506296,3
"G_38",-65,-20,0.791023578210949,3
"G_38",-70,-30,3.48650358977229,3
"G_38",-65,-40,6.87084563689445,3
"G_39",-50,-30,26.9392055109051,3
"G_39",-55,-20,-82.1083188179318,3
"G_39",-60,-30,12.1360585506297,3
"G_39",-55,-40,44.0562309806009,3
"G_40",-40,-30,-38.2402358744588,3
"G_40",-45,-20,-119.818621649429,3
"G_40",-50,-30,-26.9392055109048,3
"G_40",-45,-40,185.386405412191,3
"G_42",-70,-10,18.6099572027372,3
"G_42",-75,-20,-18.7442365481409,3
"G_43",-60,-10,-23.9328025772515,3
"G_43",-65,0,43.5683358989138,3
"G_43",-70,-10,-18.6099572027372,3
"G_43",-65,-20,-0.791023578210939,3
"G_44",-50,-10,-8.62548309875449,3
"G_44",-55,0,-97.913525326719,3
"G_44",-60,-10,23.9328025772515,3
"G_44",-55,-20,82.1083188179319,3
"G_45",-40,-10,-17.1495214541406,3
"G_45",-45,0,-112.457485111417,3
"G_45",-50,-10,8.62548309875457,3
"G_45",-45,-20,119.818621649429,3
"G_47",-70,10,-0.0882727612546753,3
"G_48",-60,10,16.2765552850238,3
"G_48",-65,20,27.3813503455102,3
"G_48",-70,10,0.088272761254676,3
"G_48",-65,0,-43.5683358989138,3
"G_49",-50,10,1.65545750892737,3
"G_49",-55,20,-82.9964936611402,3
"G_49",-60,10,-16.2765552850238,3
"G_49",-55,0,97.9135253267189,3
"G_50",-40,10,21.2105713927392,3
"G_50",-45,20,-132.653070545854,3
"G_50",-50,10,-1.655457508927,3
"G_50",-45,0,112.457485111417,3
"G_52",-70,30,-0.0444722845738183,3
"G_53",-60,30,25.1195068508038,3
"G_53",-65,40,2.58411660785692,3
"G_53",-70,30,0.0444722845738177,3
"G_53",-65,20,-27.3813503455102,3
"G_54",-50,30,12.6025687932765,3
"G_54",-55,40,-70.1490185724086,3
"G_54",-60,30,-25.1195068508034,3
"G_54",-55,20,82.9964936611403,3
"G_55",-40,30,2.04685992545748,3
"G_55",-45,40,-122.050257714087,3
"G_55",-50,30,-12.6025687932763,3
"G_55",-45,20,132.653070545854,3
"G_58",-60,50,15.1902458071655,3
"G_58",-65,60,-12.691330608395,3
"G_58",-65,40,-2.58411660785687,3
"G_59",-50,50,-8.55687846598486,3
"G_59",-55,60,-45.6014817858961,3
"G_59",-60,50,-15.1902458071655,3
"G_59",-55,40,70.1490185724088,3
"G_60",-40,50,15.8348170807033,3
"G_60",-45,60,-144.287645415007,3
"G_60",-50,50,8.55687846598478,3
"G_60",-45,40,122.050257714087,3
"G_63",-60,70,12.2505997316928,3
"G_63",-65,80,-25.2070781824627,3
"G_63",-65,60,12.6913306083951,3
"G_64",-50,70,8.12070502957188,3
"G_64",-55,80,-41.9040591271124,3
"G_64",-60,70,-12.2505997316928,3
"G_64",-55,60,45.601481785896,3
"G_65",-40,70,12.5351207926946,3
"G_65",-45,80,-148.697599636811,3
"G_65",-50,70,-8.12070502957191,3
"G_65",-45,60,144.287645415007,3
"G_68",-60,90,-30.0200830306422,3
"G_68",-65,100,3.79510869463476,3
"G_68",-65,80,25.2070781824628,3
"G_69",-50,90,46.5812353587007,3
"G_69",-55,100,-118.416473375105,3
"G_69",-60,90,30.0200830306422,3
"G_69",-55,80,41.9040591271123,3
"G_70",-40,90,-23.0618524821161,3
"G_70",-45,100,-78.8279611755083,3
"G_70",-50,90,-46.5812353587007,3
"G_70",-45,80,148.697599636811,3
"G_73",-60,110,22.8812922818013,3
"G_73",-65,120,-18.9628828135799,3
"G_73",-65,100,-3.79510869463483,3
"G_74",-50,110,16.0086276875269,3
"G_74",-55,120,-112.918404578645,3
"G_74",-60,110,-22.8812922818013,3
"G_74",-55,100,118.416473375105,3
"G_75",-40,110,-13.3421084100082,3
"G_75",-45,120,-47.9679213720528,3
"G_75",-50,110,-16.0086276875268,3
"G_75",-45,100,78.8279611755082,3
"G_78",-60,130,12.1162473169296,3
"G_78",-65,140,-31.1970290287353,3
"G_78",-65,120,18.9628828135799,3
"G_79",-50,130,4.16229041650043,3
"G_79",-55,140,-105.42231028622,3
"G_79",-60,130,-12.1162473169296,3
"G_79",-55,120,112.918404578645,3
"G_80",-40,130,-6.07126072257249,3
"G_80",-45,140,-37.4530733783819,3
"G_80",-50,130,-4.1622904165004,3
"G_80",-45,120,47.9679213720527,3
"G_83",-60,150,-25.2141414054529,3
"G_83",-65,160,-7.11547848612366,3
"G_83",-65,140,31.1970290287353,3
"G_84",-50,150,48.2215858780931,3
"G_84",-55,160,-180.865789228322,3
"G_84",-60,150,25.2141414054529,3
"G_84",-55,140,105.42231028622,3
"G_85",-40,150,7.44807751958924,3
"G_85",-45,160,2.47894581330189,3
"G_85",-50,150,-48.2215858780931,3
"G_85",-45,140,37.4530733783819,3
"G_87",-70,169.95,-8.72122850046908,3
"G_87",-75,179.9,8.74119746506525,3
"G_88",-60,169.95,40.8464816477274,3
"G_88",-65,179.9,-56.8725805135843,3
"G_88",-70,169.95,8.72122850046908,3
"G_88",-65,160,7.11547848612366,3
"G_89",-50,169.95,-58.5679913402457,3
"G_89",-55,179.9,-80.5259917926867,3
"G_89",-60,169.95,-40.8464816477273,3
"G_89",-55,160,180.865789228322,3
"G_90",-40,169.95,25.6327076540188,3
"G_90",-45,179.9,-79.8118776766544,3
"G_90",-50,169.95,58.5679913402457,3
"G_90",-45,160,-2.47894581330188,3
"G_2",-70,-169.95,-10.4807029735672,4
"G_2",-75,-160,19.3310003814639,4
"G_2",-75,-179.9,-9.39386801619421,4
"G_3",-60,-169.95,-16.1424515991234,4
"G_3",-65,-160,-51.2847841127921,4
"G_3",-70,-169.95,10.4807029735672,4
"G_3",-65,-179.9,57.2148884898222,4
"G_4",-50,-169.95,35.8883581763402,4
"G_4",-55,-160,-127.697521037622,4
"G_4",-60,-169.95,16.1424515991234,4
"G_4",-55,-179.9,76.6221629105364,4
"G_5",-40,-169.95,-16.6496176473445,4
"G_5",-45,-160,-29.5847613947657,4
"G_5",-50,-169.95,-35.8883581763401,4
"G_5",-45,-179.9,82.6106281685484,4
"G_7",-70,-150,6.35794628621006,4
"G_7",-75,-140,12.9114029878804,4
"G_7",-75,-160,-19.3310003814639,4
"G_8",-60,-150,-31.4276510419358,4
"G_8",-65,-140,-13.6200891150567,4
"G_8",-70,-150,-6.35794628621005,4
"G_8",-65,-160,51.2847841127921,4
"G_9",-50,-150,13.9843366074723,4
"G_9",-55,-140,-173.98807033706,4
"G_9",-60,-150,31.4276510419358,4
"G_9",-55,-160,127.697521037622,4
"G_10",-40,-150,-11.607518415228,4
"G_10",-45,-140,-4.30374492774452,4
"G_10",-50,-150,-13.9843366074723,4
"G_10",-45,-160,29.5847613947657,4
"G_12",-70,-130,14.9019488016943,4
"G_12",-75,-120,-1.84212615380686,4
"G_12",-75,-140,-12.9114029878804,4
"G_13",-60,-130,48.2305281404794,4
"G_13",-65,-120,-47.0529837673016,4
"G_13",-70,-130,-14.9019488016942,4
"G_13",-65,-140,13.6200891150567,4
"G_14",-50,-130,-15.6307832397078,4
"G_14",-55,-120,-109.945657794489,4
"G_14",-60,-130,-48.2305281404794,4
"G_14",-55,-140,173.98807033706,4
"G_15",-40,-130,-9.22793984957485,4
"G_15",-45,-120,-10.6854217722937,4
"G_15",-50,-130,15.6307832397078,4
"G_15",-45,-140,4.30374492774449,4
"G_17",-70,-110,1.06682289035702,4
"G_17",-75,-100,-3.03934803127195,4
"G_17",-75,-120,1.84212615380686,4
"G_18",-60,-110,25.5858297766143,4
"G_18",-65,-100,-71.2196537414395,4
"G_18",-70,-110,-1.06682289035702,4
"G_18",-65,-120,47.0529837673016,4
"G_19",-50,-110,-0.289164157032859,4
"G_19",-55,-100,-83.6791258648236,4
"G_19",-60,-110,-25.5858297766143,4
"G_19",-55,-120,109.945657794489,4
"G_20",-40,-110,-3.86461728257527,4
"G_20",-45,-100,-6.9724059912664,4
"G_20",-50,-110,0.28916415703292,4
"G_20",-45,-120,10.6854217722937,4
"G_22",-70,-90,-2.47619965248503,4
"G_22",-75,-80,-0.285707587419802,4
"G_22",-75,-100,3.03934803127194,4
"G_23",-60,-90,15.9692935881814,4
"G_23",-65,-80,-90.0452277514475,4
"G_23",-70,-90,2.47619965248503,4
"G_23",-65,-100,71.2196537414394,4
"G_24",-50,-90,-2.87465464134173,4
"G_24",-55,-80,-64.8476143456523,4
"G_24",-60,-90,-15.9692935881814,4
"G_24",-55,-100,83.6791258648237,4
"G_25",-40,-90,-6.46814723112822,4
"G_25",-45,-80,-3.50226536247441,4
"G_25",-50,-90,2.87465464134173,4
"G_25",-45,-100,6.9724059912664,4
"G_27",-70,-70,-0.601298883701077,4
"G_27",-75,-60,0.316262844225569,4
"G_27",-75,-80,0.285707587419779,4
"G_28",-60,-70,-68.7400539746462,4
"G_28",-65,-60,-22.4164793887491,4
"G_28",-70,-70,0.601298883701077,4
"G_28",-65,-80,90.0452277514475,4
"G_29",-50,-70,0.99810491192155,4
"G_29",-55,-60,-135.523214291746,4
"G_29",-60,-70,68.7400539746462,4
"G_29",-55,-80,64.8476143456523,4
"G_30",-40,-70,-0.768876480593628,4
"G_30",-45,-60,-2.44837535729069,4
"G_30",-50,-70,-0.998104911921547,4
"G_30",-45,-80,3.50226536247442,4
"G_32",-70,-50,-17.063749599381,4
"G_32",-75,-40,16.9946387636164,4
"G_32",-75,-60,-0.316262844225569,4
"G_33",-60,-50,-32.3407749369298,4
"G_33",-65,-40,-7.72179026581796,4
"G_33",-70,-50,17.0637495993811,4
"G_33",-65,-60,22.4164793887491,4
"G_34",-50,-50,-122.048056240603,4
"G_34",-55,-40,-44.7647089768412,4
"G_34",-60,-50,32.3407749369298,4
"G_34",-55,-60,135.523214291745,4
"G_35",-40,-50,47.1697294640595,4
"G_35",-45,-40,-173.387855649251,4
"G_35",-50,-50,122.048056240603,4
"G_35",-45,-60,2.4483753572907,4
"G_37",-70,-30,-2.8180206763866,4
"G_37",-75,-20,19.9170083648747,4
"G_37",-75,-40,-16.9946387636165,4
"G_38",-60,-30,-11.2303906698616,4
"G_38",-65,-20,-0.34779184627421,4
"G_38",-70,-30,2.8180206763866,4
"G_38",-65,-40,7.72179026581783,4
"G_39",-50,-30,29.3650076323696,4
"G_39",-55,-20,-84.224908051059,4
"G_39",-60,-30,11.2303906698617,4
"G_39",-55,-40,44.7647089768414,4
"G_40",-40,-30,-22.5397478683485,4
"G_40",-45,-20,-120.991449560773,4
"G_40",-50,-30,-29.3650076323693,4
"G_40",-45,-40,173.387855649251,4
"G_42",-70,-10,19.7681977040721,4
"G_42",-75,-20,-19.9170083648747,4
"G_43",-60,-10,-25.2799376488139,4
"G_43",-65,0,44.883933454086,4
"G_43",-70,-10,-19.7681977040721,4
"G_43",-65,-20,0.347791846274224,4
"G_44",-50,-10,-8.76275135556793,4
"G_44",-55,0,-101.282885355843,4
"G_44",-60,-10,25.2799376488139,4
"G_44",-55,-20,84.224908051059,4
"G_45",-40,-10,-13.6712989461742,4
"G_45",-45,0,-117.32240662522,4
"G_45",-50,-10,8.762751355568,4
"G_45",-45,-20,120.991449560773,4
"G_47",-70,10,-0.082573326887082,4
"G_48",-60,10,16.7878636210156,4
"G_48",-65,20,28.2762178167772,4
"G_48",-70,10,0.0825733268870823,4
"G_48",-65,0,-44.883933454086,4
"G_49",-50,10,-0.573080980885354,4
"G_49",-55,20,-83.5656633247158,4
"G_49",-60,10,-16.7878636210156,4
"G_49",-55,0,101.282885355843,4
"G_50",-40,10,17.2852149841056,4
"G_50",-45,20,-135.915343925104,4
"G_50",-50,10,0.573080980885669,4
"G_50",-45,0,117.322406625221,4
"G_52",-70,30,-0.0206855618614242,4
"G_53",-60,30,17.6244442345845,4
"G_53",-65,40,10.9010619767232,4
"G_53",-70,30,0.0206855618614234,4
"G_53",-65,20,-28.2762178167772,4
"G_54",-50,30,11.3107263824791,4
"G_54",-55,40,-77.3190540229492,4
"G_54",-60,30,-17.6244442345839,4
"G_54",-55,20,83.5656633247159,4
"G_55",-40,30,-1.25943748491652,4
"G_55",-45,40,-122.983772475807,4
"G_55",-50,30,-11.3107263824792,4
"G_55",-45,20,135.915343925104,4
"G_58",-60,50,18.79207003488,4
"G_58",-65,60,-7.96418286033216,4
"G_58",-65,40,-10.9010619767232,4
"G_59",-50,50,-7.79051930298811,4
"G_59",-55,60,-49.6732282796495,4
"G_59",-60,50,-18.79207003488,4
"G_59",-55,40,77.3190540229493,4
"G_60",-40,50,22.341592787134,4
"G_60",-45,60,-150.982276120495,4
"G_60",-50,50,7.79051930298802,4
"G_60",-45,40,122.983772475807,4
"G_63",-60,70,12.8469603216353,4
"G_63",-65,80,-20.9668329594868,4
"G_63",-65,60,7.9641828603322,4
"G_64",-50,70,7.04570129736315,4
"G_64",-55,80,-44.3527267850937,4
"G_64",-60,70,-12.8469603216352,4
"G_64",-55,60,49.6732282796495,4
"G_65",-40,70,0.478050100102892,4
"G_65",-45,80,-144.699648263054,4
"G_65",-50,70,-7.04570129736318,4
"G_65",-45,60,150.982276120495,4
"G_68",-60,90,-34.3070538833037,4
"G_68",-65,100,12.5856735664772,4
"G_68",-65,80,20.9668329594868,4
"G_69",-50,90,36.9290337238192,4
"G_69",-55,100,-115.732475175026,4
"G_69",-60,90,34.3070538833037,4
"G_69",-55,80,44.3527267850936,4
"G_70",-40,90,-18.9443147143574,4
"G_70",-45,100,-88.4033596442522,4
"G_70",-50,90,-36.9290337238192,4
"G_70",-45,80,144.699648263054,4
"G_73",-60,110,23.9241280655031,4
"G_73",-65,120,-11.5829309172626,4
"G_73",-65,100,-12.5856735664772,4
"G_74",-50,110,26.3063114988405,4
"G_74",-55,120,-118.736150486294,4
"G_74",-60,110,-23.9241280655031,4
"G_74",-55,100,115.732475175026,4
"G_75",-40,110,-12.8865009279015,4
"G_75",-45,120,-48.0131458477191,4
"G_75",-50,110,-26.3063114988404,4
"G_75",-45,100,88.4033596442522,4
"G_78",-60,130,16.6514420682729,4
"G_78",-65,140,-28.2469094608999,4
"G_78",-65,120,11.5829309172626,4
"G_79",-50,130,3.94134116963356,4
"G_79",-55,140,-106.433097864024,4
"G_79",-60,130,-16.6514420682729,4
"G_79",-55,120,118.736150486294,4
"G_80",-40,130,-6.89382212151264,4
"G_80",-45,140,-37.2121013290557,4
"G_80",-50,130,-3.94134116963352,4
"G_80",-45,120,48.013145847719,4
"G_83",-60,150,-21.3585376083987,4
"G_83",-65,160,-8.19721505019198,4
"G_83",-65,140,28.2469094608999,4
"G_84",-50,150,52.4434735221207,4
"G_84",-55,160,-182.539662837871,4
"G_84",-60,150,21.3585376083987,4
"G_84",-55,140,106.433097864024,4
"G_85",-40,150,10.2486190633152,4
"G_85",-45,160,4.47120597284084,4
"G_85",-50,150,-52.4434735221207,4
"G_85",-45,140,37.2121013290558,4
"G_87",-70,169.95,-9.23019254592291,4
"G_87",-75,179.9,9.3242107324383,4
"G_88",-60,169.95,40.7099022570237,4
"G_88",-65,179.9,-58.252902685096,4
"G_88",-70,169.95,9.23019254592291,4
"G_88",-65,160,8.19721505019198,4
"G_89",-50,169.95,-60.1724876358361,4
"G_89",-55,179.9,-80.5434520145156,4
"G_89",-60,169.95,-40.7099022570237,4
"G_89",-55,160,182.539662837871,4
"G_90",-40,169.95,26.0401853370603,4
"G_90",-45,179.9,-79.7136861128014,4
"G_90",-50,169.95,60.1724876358361,4
"G_90",-45,160,-4.47120597284086,4
"G_2",-70,-169.95,-10.6974217440386,5
"G_2",-75,-160,18.9190210935687,5
"G_2",-75,-179.9,-8.78892255116966,5
"G_3",-60,-169.95,-16.4868627939505,5
"G_3",-65,-160,-49.7779153790401,5
"G_3",-70,-169.95,10.6974217440386,5
"G_3",-65,-179.9,55.9660890069783,5
"G_4",-50,-169.95,28.2659568779847,5
"G_4",-55,-160,-122.565740835245,5
"G_4",-60,-169.95,16.4868627939505,5
"G_4",-55,-179.9,78.7268298727827,5
"G_5",-40,-169.95,-14.7956016444795,5
"G_5",-45,-160,-32.6181814844043,5
"G_5",-50,-169.95,-28.2659568779847,5
"G_5",-45,-179.9,75.9629921417588,5
"G_7",-70,-150,3.90065906684048,5
"G_7",-75,-140,15.1767664573504,5
"G_7",-75,-160,-18.9190210935687,5
"G_8",-60,-150,-31.0732696550968,5
"G_8",-65,-140,-15.3113908190604,5
"G_8",-70,-150,-3.90065906684047,5
"G_8",-65,-160,49.7779153790401,5
"G_9",-50,-150,16.3042591780566,5
"G_9",-55,-140,-170.773469631729,5
"G_9",-60,-150,31.0732696550969,5
"G_9",-55,-160,122.565740835245,5
"G_10",-40,-150,-8.65286030208718,5
"G_10",-45,-140,-7.90165738688317,5
"G_10",-50,-150,-16.3042591780566,5
"G_10",-45,-160,32.6181814844043,5
"G_12",-70,-130,17.1580243662404,5
"G_12",-75,-120,-2.00137853692764,5
"G_12",-75,-140,-15.1767664573504,5
"G_13",-60,-130,49.4110574077042,5
"G_13",-65,-120,-47.3265023861318,5
"G_13",-70,-130,-17.1580243662404,5
"G_13",-65,-140,15.3113908190604,5
"G_14",-50,-130,-15.1060015072027,5
"G_14",-55,-120,-106.286849452019,5
"G_14",-60,-130,-49.4110574077042,5
"G_14",-55,-140,170.773469631729,5
"G_15",-40,-130,-9.96276594420625,5
"G_15",-45,-120,-13.0079640030036,5
"G_15",-50,-130,15.1060015072027,5
"G_15",-45,-140,7.90165738688315,5
"G_17",-70,-110,0.304386983916929,5
"G_17",-75,-100,-2.47162356549513,5
"G_17",-75,-120,2.00137853692764,5
"G_18",-60,-110,23.2348994308341,5
"G_18",-65,-100,-69.8495747583301,5
"G_18",-70,-110,-0.304386983916924,5
"G_18",-65,-120,47.3265023861318,5
"G_19",-50,-110,0.144771027628236,5
"G_19",-55,-100,-82.6315538636148,5
"G_19",-60,-110,-23.2348994308341,5
"G_19",-55,-120,106.286849452019,5
"G_20",-40,-110,-8.06212237685059,5
"G_20",-45,-100,-4.69581143481596,5
"G_20",-50,-110,-0.144771027628171,5
"G_20",-45,-120,13.0079640030036,5
"G_22",-70,-90,-1.85022825541976,5
"G_22",-75,-80,-0.267655764841527,5
"G_22",-75,-100,2.47162356549513,5
"G_23",-60,-90,16.7177115794451,5
"G_23",-65,-80,-89.0150902388231,5
"G_23",-70,-90,1.85022825541976,5
"G_23",-65,-100,69.84957475833,5
"G_24",-50,-90,-2.43213824606991,5
"G_24",-55,-80,-63.2900500266951,5
"G_24",-60,-90,-16.7177115794451,5
"G_24",-55,-100,82.6315538636149,5
"G_25",-40,-90,-2.57975512770073,5
"G_25",-45,-80,-4.65839295617252,5
"G_25",-50,-90,2.43213824606992,5
"G_25",-45,-100,4.69581143481597,5
"G_27",-70,-70,-0.61455838474037,5
"G_27",-75,-60,0.344978768280621,5
"G_27",-75,-80,0.267655764841506,5
"G_28",-60,-70,-67.6385967749,5
"G_28",-65,-60,-22.4121628754511,5
"G_28",-70,-70,0.614558384740371,5
"G_28",-65,-80,89.0150902388231,5
"G_29",-50,-70,5.58528122454008,5
"G_29",-55,-60,-137.624801958623,5
"G_29",-60,-70,67.6385967749,5
"G_29",-55,-80,63.2900500266951,5
"G_30",-40,-70,2.45946842928897,5
"G_30",-45,-60,-2.39699142811723,5
"G_30",-50,-70,-5.58528122454008,5
"G_30",-45,-80,4.65839295617248,5
"G_32",-70,-50,-17.6055117163869,5
"G_32",-75,-40,17.5445355980087,5
"G_32",-75,-60,-0.344978768280621,5
"G_33",-60,-50,-32.728195712085,5
"G_33",-65,-40,-7.92869853397504,5
"G_33",-70,-50,17.6055117163869,5
"G_33",-65,-60,22.4121628754511,5
"G_34",-50,-50,-124.752517940375,5
"G_34",-55,-40,-44.1586399110636,5
"G_34",-60,-50,32.728195712085,5
"G_34",-55,-60,137.624801958622,5
"G_35",-40,-50,43.6948924022632,5
"G_35",-45,-40,-172.736707085745,5
"G_35",-50,-50,124.752517940375,5
"G_35",-45,-60,2.39699142811725,5
"G_37",-70,-30,-3.33875214371268,5
"G_37",-75,-20,20.9247390420405,5
"G_37",-75,-40,-17.5445355980088,5
"G_38",-60,-30,-12.3380881304642,5
"G_38",-65,-20,0.132950355583726,5
"G_38",-70,-30,3.33875214371269,5
"G_38",-65,-40,7.92869853397491,5
"G_39",-50,-30,23.6239042280215,5
"G_39",-55,-20,-79.0389209805291,5
"G_39",-60,-30,12.3380881304644,5
"G_39",-55,-40,44.1586399110637,5
"G_40",-40,-30,-24.1949418138616,5
"G_40",-45,-20,-124.439475991572,5
"G_40",-50,-30,-23.6239042280212,5
"G_40",-45,-40,172.736707085745,5
"G_42",-70,-10,20.8324259785465,5
"G_42",-75,-20,-20.9247390420405,5
"G_43",-60,-10,-26.2819345783344,5
"G_43",-65,0,47.4386417208359,5
"G_43",-70,-10,-20.8324259785466,5
"G_43",-65,-20,-0.132950355583708,5
"G_44",-50,-10,-2.4570202413561,5
"G_44",-55,0,-103.404061894698,5
"G_44",-60,-10,26.2819345783345,5
"G_44",-55,-20,79.0389209805291,5
"G_45",-40,-10,-13.7289115880373,5
"G_45",-45,0,-114.336375070029,5
"G_45",-50,-10,2.45702024135614,5
"G_45",-45,-20,124.439475991572,5
"G_47",-70,10,-0.0653065608867174,5
"G_48",-60,10,13.9720059921176,5
"G_48",-65,20,33.5861921186924,5
"G_48",-70,10,0.0653065608867179,5
"G_48",-65,0,-47.4386417208359,5
"G_49",-50,10,0.074353201070825,5
"G_49",-55,20,-89.1048307252106,5
"G_49",-60,10,-13.9720059921176,5
"G_49",-55,0,103.404061894698,5
"G_50",-40,10,10.3667040868422,5
"G_50",-45,20,-124.97668975146,5
"G_50",-50,10,-0.0743532010704841,5
"G_50",-45,0,114.336375070029,5
"G_52",-70,30,-0.00866567946028503,5
"G_53",-60,30,19.8847058566263,5
"G_53",-65,40,14.2281481501723,5
"G_53",-70,30,0.00866567946028448,5
"G_53",-65,20,-33.5861921186925,5
"G_54",-50,30,13.9580880863251,5
"G_54",-55,40,-83.4411350848714,5
"G_54",-60,30,-19.8847058566257,5
"G_54",-55,20,89.1048307252107,5
"G_55",-40,30,6.61873444985401,5
"G_55",-45,40,-117.178649555783,5
"G_55",-50,30,-13.9580880863251,5
"G_55",-45,20,124.97668975146,5
"G_58",-60,50,17.4469953316823,5
"G_58",-65,60,-3.58810293058997,5
"G_58",-65,40,-14.2281481501723,5
"G_59",-50,50,-13.8389208480112,5
"G_59",-55,60,-50.7559197204957,5
"G_59",-60,50,-17.4469953316822,5
"G_59",-55,40,83.4411350848716,5
"G_60",-40,50,22.2099339782433,5
"G_60",-45,60,-151.696008678423,5
"G_60",-50,50,13.8389208480112,5
"G_60",-45,40,117.178649555783,5
"G_63",-60,70,11.6005484478316,5
"G_63",-65,80,-15.3875056745301,5
"G_63",-65,60,3.58810293058996,5
"G_64",-50,70,5.41455453924631,5
"G_64",-55,80,-45.1407519120167,5
"G_64",-60,70,-11.6005484478315,5
"G_64",-55,60,50.7559197204957,5
"G_65",-40,70,-0.970817262009234,5
"G_65",-45,80,-145.311536559163,5
"G_65",-50,70,-5.41455453924633,5
"G_65",-45,60,151.696008678423,5
"G_68",-60,90,-32.9003341673264,5
"G_68",-65,100,16.8979878988636,5
"G_68",-65,80,15.3875056745301,5
"G_69",-50,90,36.8658682971475,5
"G_69",-55,100,-115.037693972604,5
"G_69",-60,90,32.9003341673264,5
"G_69",-55,80,45.1407519120167,5
"G_70",-40,90,-15.552481203789,5
"G_70",-45,100,-92.7545035589588,5
"G_70",-50,90,-36.8658682971474,5
"G_70",-45,80,145.311536559163,5
"G_73",-60,110,29.4775771721179,5
"G_73",-65,120,-12.5701979311279,5
"G_73",-65,100,-16.8979878988636,5
"G_74",-50,110,30.9509388052976,5
"G_74",-55,120,-117.231378018192,5
"G_74",-60,110,-29.4775771721179,5
"G_74",-55,100,115.037693972604,5
"G_75",-40,110,-10.9312963469888,5
"G_75",-45,120,-49.8506402220645,5
"G_75",-50,110,-30.9509388052976,5
"G_75",-45,100,92.7545035589588,5
"G_78",-60,130,15.5651674990877,5
"G_78",-65,140,-28.5069200110659,5
"G_78",-65,120,12.5701979311279,5
"G_79",-50,130,2.84778486670156,5
"G_79",-55,140,-104.592843740173,5
"G_79",-60,130,-15.5651674990876,5
"G_79",-55,120,117.231378018192,5
"G_80",-40,130,-6.50657660118279,5
"G_80",-45,140,-40.4292040871692,5
"G_80",-50,130,-2.84778486670151,5
"G_80",-45,120,49.8506402220645,5
"G_83",-60,150,-23.330656205594,5
"G_83",-65,160,-6.38710203607063,5
"G_83",-65,140,28.5069200110659,5
"G_84",-50,150,54.8545028106295,5
"G_84",-55,160,-185.319017555153,5
"G_84",-60,150,23.330656205594,5
"G_84",-55,140,104.592843740173,5
"G_85",-40,150,9.64950528001665,5
"G_85",-45,160,4.2734191826111,5
"G_85",-50,150,-54.8545028106295,5
"G_85",-45,140,40.4292040871692,5
"G_87",-70,169.95,-8.68136603747043,5
"G_87",-75,179.9,8.77741905223861,5
"G_88",-60,169.95,41.4607668234284,5
"G_88",-65,179.9,-56.6786888086912,5
"G_88",-70,169.95,8.68136603747042,5
"G_88",-65,160,6.38710203607063,5
"G_89",-50,169.95,-59.4952417215277,5
"G_89",-55,179.9,-82.9891985807227,5
"G_89",-60,169.95,-41.4607668234284,5
"G_89",-55,160,185.319017555152,5
"G_90",-40,169.95,19.5314509632959,5
"G_90",-45,179.9,-72.5038971936641,5
"G_90",-50,169.95,59.4952417215277,5
"G_90",-45,160,-4.27341918261109,5
"G_2",-70,-169.95,-10.3802057840841,6
"G_2",-75,-160,17.8324435951461,6
"G_2",-75,-179.9,-7.95224502762417,6
"G_3",-60,-169.95,-15.6623696500964,6
"G_3",-65,-160,-50.4264571879947,6
"G_3",-70,-169.95,10.3802057840841,6
"G_3",-65,-179.9,55.8994040586708,6
"G_4",-50,-169.95,31.7262152077608,6
"G_4",-55,-160,-121.149481477516,6
"G_4",-60,-169.95,15.6623696500964,6
"G_4",-55,-179.9,74.6584840381214,6
"G_5",-40,-169.95,-11.9847688804935,6
"G_5",-45,-160,-31.368958841109,6
"G_5",-50,-169.95,-31.7262152077608,6
"G_5",-45,-179.9,75.3915499524329,6
"G_7",-70,-150,7.25641524843289,6
"G_7",-75,-140,10.6474573582821,6
"G_7",-75,-160,-17.8324435951461,6
"G_8",-60,-150,-30.7671034274852,6
"G_8",-65,-140,-12.762511612375,6
"G_8",-70,-150,-7.25641524843289,6
"G_8",-65,-160,50.4264571879947,6
"G_9",-50,-150,17.8730915664732,6
"G_9",-55,-140,-170.211340931106,6
"G_9",-60,-150,30.7671034274852,6
"G_9",-55,-160,121.149481477516,6
"G_10",-40,-150,-8.4102043831069,6
"G_10",-45,-140,-5.38203275768966,6
"G_10",-50,-150,-17.8730915664731,6
"G_10",-45,-160,31.3689588411091,6
"G_12",-70,-130,12.7990934267878,6
"G_12",-75,-120,-2.09019974670854,6
"G_12",-75,-140,-10.6474573582821,6
"G_13",-60,-130,54.4389725444522,6
"G_13",-65,-120,-54.2818866443086,6
"G_13",-70,-130,-12.7990934267878,6
"G_13",-65,-140,12.762511612375,6
"G_14",-50,-130,-11.7742263945394,6
"G_14",-55,-120,-104.277238766728,6
"G_14",-60,-130,-54.4389725444522,6
"G_14",-55,-140,170.211340931105,6
"G_15",-40,-130,-5.42815850537896,6
"G_15",-45,-120,-11.6661311930894,6
"G_15",-50,-130,11.7742263945394,6
"G_15",-45,-140,5.38203275768964,6
"G_17",-70,-110,-0.4678185089872,6
"G_17",-75,-100,-1.82933424997208,6
"G_17",-75,-120,2.09019974670854,6
"G_18",-60,-110,26.0493661431748,6
"G_18",-65,-100,-80.3880274663604,6
"G_18",-70,-110,0.467818508987202,6
"G_18",-65,-120,54.2818866443087,6
"G_19",-50,-110,1.1744217662635,6
"G_19",-55,-100,-78.7383280995137,6
"G_19",-60,-110,-26.0493661431748,6
"G_19",-55,-120,104.277238766728,6
"G_20",-40,-110,-12.2464380641212,6
"G_20",-45,-100,1.6211825340378,6
"G_20",-50,-110,-1.17442176626345,6
"G_20",-45,-120,11.6661311930895,6
"G_22",-70,-90,-1.11651407529151,6
"G_22",-75,-80,-0.330389211533112,6
"G_22",-75,-100,1.82933424997208,6
"G_23",-60,-90,13.7962415280122,6
"G_23",-65,-80,-95.9192396182036,6
"G_23",-70,-90,1.11651407529152,6
"G_23",-65,-100,80.3880274663603,6
"G_24",-50,-90,-9.45234635886723,6
"G_24",-55,-80,-55.395440956753,6
"G_24",-60,-90,-13.7962415280122,6
"G_24",-55,-100,78.7383280995138,6
"G_25",-40,-90,-2.62795068623349,6
"G_25",-45,-80,-5.21443327954325,6
"G_25",-50,-90,9.45234635886724,6
"G_25",-45,-100,-1.62118253403779,6
"G_27",-70,-70,-0.684690628179321,6
"G_27",-75,-60,0.359415117040613,6
"G_27",-75,-80,0.330389211533094,6
"G_28",-60,-70,-75.1160781345826,6
"G_28",-65,-60,-21.7450895236365,6
"G_28",-70,-70,0.684690628179322,6
"G_28",-65,-80,95.9192396182036,6
"G_29",-50,-70,3.5789513892747,6
"G_29",-55,-60,-135.266569145605,6
"G_29",-60,-70,75.1160781345826,6
"G_29",-55,-80,55.395440956753,6
"G_30",-40,-70,-0.228863036314235,6
"G_30",-45,-60,-2.22858838978316,6
"G_30",-50,-70,-3.5789513892747,6
"G_30",-45,-80,5.21443327954322,6
"G_32",-70,-50,-17.5730718185768,6
"G_32",-75,-40,17.5441044143184,6
"G_32",-75,-60,-0.359415117040613,6
"G_33",-60,-50,-33.3609241302317,6
"G_33",-65,-40,-7.25286481119884,6
"G_33",-70,-50,17.5730718185769,6
"G_33",-65,-60,21.7450895236365,6
"G_34",-50,-50,-122.66176851879,6
"G_34",-55,-40,-44.0672400269892,6
"G_34",-60,-50,33.3609241302317,6
"G_34",-55,-60,135.266569145604,6
"G_35",-40,-50,33.9118033454664,6
"G_35",-45,-40,-160.712920429869,6
"G_35",-50,-50,122.66176851879,6
"G_35",-45,-60,2.22858838978317,6
"G_37",-70,-30,-2.9163123436799,6
"G_37",-75,-20,20.4297243850907,6
"G_37",-75,-40,-17.5441044143184,6
"G_38",-60,-30,-13.2411954159095,6
"G_38",-65,-20,2.33800298006132,6
"G_38",-70,-30,2.9163123436799,6
"G_38",-65,-40,7.25286481119871,6
"G_39",-50,-30,17.4765635813965,6
"G_39",-55,-20,-73.7269102136014,6
"G_39",-60,-30,13.2411954159096,6
"G_39",-55,-40,44.0672400269894,6
"G_40",-40,-30,-12.5503341561504,6
"G_40",-45,-20,-130.185007746798,6
"G_40",-50,-30,-17.4765635813961,6
"G_40",-45,-40,160.712920429869,6
"G_42",-70,-10,20.4193831424911,6
"G_42",-75,-20,-20.4297243850907,6
"G_43",-60,-10,-27.231097661986,6
"G_43",-65,0,50.0418375036365,6
"G_43",-70,-10,-20.4193831424911,6
"G_43",-65,-20,-2.33800298006131,6
"G_44",-50,-10,3.48334972017842,6
"G_44",-55,0,-105.133835653209,6
"G_44",-60,-10,27.231097661986,6
"G_44",-55,-20,73.7269102136015,6
"G_45",-40,-10,-15.5670810321832,6
"G_45",-45,0,-111.971686121005,6
"G_45",-50,-10,-3.48334972017841,6
"G_45",-45,-20,130.185007746798,6
"G_47",-70,10,-0.0666198574260827,6
"G_48",-60,10,15.7934731643867,6
"G_48",-65,20,34.3435378299481,6
"G_48",-70,10,0.066619857426083,6
"G_48",-65,0,-50.0418375036365,6
"G_49",-50,10,-2.34140833866618,6
"G_49",-55,20,-86.4914516522633,6
"G_49",-60,10,-15.7934731643867,6
"G_49",-55,0,105.133835653209,6
"G_50",-40,10,27.9780345871328,6
"G_50",-45,20,-142.393555374635,6
"G_50",-50,10,2.34140833866653,6
"G_50",-45,0,111.971686121005,6
"G_52",-70,30,-0.00410918378743769,6
"G_53",-60,30,25.2988026417675,6
"G_53",-65,40,9.49977849220721,6
"G_53",-70,30,0.00410918378743741,6
"G_53",-65,20,-34.3435378299482,6
"G_54",-50,30,15.8887955363909,6
"G_54",-55,40,-77.20576814266,6
"G_54",-60,30,-25.298802641767,6
"G_54",-55,20,86.4914516522634,6
"G_55",-40,30,-15.1104638081119,6
"G_55",-45,40,-111.305367549975,6
"G_55",-50,30,-15.8887955363906,6
"G_55",-45,20,142.393555374635,6
"G_58",-60,50,10.2636438649161,6
"G_58",-65,60,-1.23374691021318,6
"G_58",-65,40,-9.49977849220722,6
"G_59",-50,50,-11.4070303893836,6
"G_59",-55,60,-54.1224147416383,6
"G_59",-60,50,-10.263643864916,6
"G_59",-55,40,77.2057681426602,6
"G_60",-40,50,37.6509482279005,6
"G_60",-45,60,-158.481713271075,6
"G_60",-50,50,11.4070303893836,6
"G_60",-45,40,111.305367549975,6
"G_63",-60,70,13.2563626125012,6
"G_63",-65,80,-14.5121231662699,6
"G_63",-65,60,1.23374691021321,6
"G_64",-50,70,4.9539043724066,6
"G_64",-55,80,-46.5257591763305,6
"G_64",-60,70,-13.2563626125012,6
"G_64",-55,60,54.1224147416382,6
"G_65",-40,70,-8.7979834939713,6
"G_65",-45,80,-145.267150396094,6
"G_65",-50,70,-4.95390437240663,6
"G_65",-45,60,158.481713271075,6
"G_68",-60,90,-37.6294386544667,6
"G_68",-65,100,22.2811315234914,6
"G_68",-65,80,14.5121231662699,6
"G_69",-50,90,33.0108883450943,6
"G_69",-55,100,-117.193537802373,6
"G_69",-60,90,37.6294386544667,6
"G_69",-55,80,46.5257591763303,6
"G_70",-40,90,-15.9280336692453,6
"G_70",-45,100,-95.6908530694277,6
"G_70",-50,90,-33.0108883450943,6
"G_70",-45,80,145.267150396094,6
"G_73",-60,110,41.2972754463671,6
"G_73",-65,120,-18.6947692103418,6
"G_73",-65,100,-22.2811315234915,6
"G_74",-50,110,38.1286742794458,6
"G_74",-55,120,-114.827204153237,6
"G_74",-60,110,-41.2972754463671,6
"G_74",-55,100,117.193537802373,6
"G_75",-40,110,-12.7305867558938,6
"G_75",-45,120,-44.2296977617854,6
"G_75",-50,110,-38.1286742794458,6
"G_75",-45,100,95.6908530694277,6
"G_78",-60,130,15.1184451716452,6
"G_78",-65,140,-33.772546970608,6
"G_78",-65,120,18.6947692103418,6
"G_79",-50,130,2.07289244251323,6
"G_79",-55,140,-102.195256297679,6
"G_79",-60,130,-15.1184451716452,6
"G_79",-55,120,114.827204153237,6
"G_80",-40,130,-1.38675794061458,6
"G_80",-45,140,-40.5243494212503,6
"G_80",-50,130,-2.07289244251318,6
"G_80",-45,120,44.2296977617854,6
"G_83",-60,150,-29.1235572617291,6
"G_83",-65,160,-6.18540849415047,6
"G_83",-65,140,33.772546970608,6
"G_84",-50,150,52.4778005467371,6
"G_84",-55,160,-186.236267902867,6
"G_84",-60,150,29.1235572617291,6
"G_84",-55,140,102.195256297679,6
"G_85",-40,150,7.04261661488317,6
"G_85",-45,160,4.46660303196343,6
"G_85",-50,150,-52.477800546737,6
"G_85",-45,140,40.5243494212503,6
"G_87",-70,169.95,-7.92676859576824,6
"G_87",-75,179.9,7.98169681233611,6
"G_88",-60,169.95,42.5735738840049,6
"G_88",-65,179.9,-56.5550780643019,6
"G_88",-70,169.95,7.92676859576824,6
"G_88",-65,160,6.18540849415047,6
"G_89",-50,169.95,-62.9173975507907,6
"G_89",-55,179.9,-79.4064677924909,6
"G_89",-60,169.95,-42.5735738840048,6
"G_89",-55,160,186.236267902867,6
"G_90",-40,169.95,14.3404051862345,6
"G_90",-45,179.9,-70.619508702859,6
"G_90",-50,169.95,62.9173975507907,6
"G_90",-45,160,-4.46660303196344,6
"G_2",-70,-169.95,-11.2706218696587,7
"G_2",-75,-160,18.2777397921656,7
"G_2",-75,-179.9,-7.53484081699615,7
"G_3",-60,-169.95,-13.4630603849794,7
"G_3",-65,-160,-53.4978295064807,7
"G_3",-70,-169.95,11.2706218696587,7
"G_3",-65,-179.9,55.7445602197184,7
"G_4",-50,-169.95,28.3751856448921,7
"G_4",-55,-160,-115.544897352436,7
"G_4",-60,-169.95,13.4630603849794,7
"G_4",-55,-179.9,74.7214441671131,7
"G_5",-40,-169.95,-17.954506480124,7
"G_5",-45,-160,-33.1573021572064,7
"G_5",-50,-169.95,-28.3751856448921,7
"G_5",-45,-179.9,80.0001021355115,7
"G_7",-70,-150,6.08053292667888,7
"G_7",-75,-140,12.3293285211815,7
"G_7",-75,-160,-18.2777397921656,7
"G_8",-60,-150,-32.5513201343452,7
"G_8",-65,-140,-15.21674518899,7
"G_8",-70,-150,-6.08053292667888,7
"G_8",-65,-160,53.4978295064808,7
"G_9",-50,-150,21.4748902518934,7
"G_9",-55,-140,-170.085276155491,7
"G_9",-60,-150,32.5513201343452,7
"G_9",-55,-160,115.544897352436,7
"G_10",-40,-150,-6.10629543969559,7
"G_10",-45,-140,-5.818904842099,7
"G_10",-50,-150,-21.4748902518934,7
"G_10",-45,-160,33.1573021572064,7
"G_12",-70,-130,14.443117372271,7
"G_12",-75,-120,-2.12695585170069,7
"G_12",-75,-140,-12.3293285211815,7
"G_13",-60,-130,54.0110141532556,7
"G_13",-65,-120,-54.5868032486388,7
"G_13",-70,-130,-14.443117372271,7
"G_13",-65,-140,15.21674518899,7
"G_14",-50,-130,-11.6218777338796,7
"G_14",-55,-120,-104.760335113777,7
"G_14",-60,-130,-54.0110141532556,7
"G_14",-55,-140,170.085276155491,7
"G_15",-40,-130,-5.29246142422538,7
"G_15",-45,-120,-12.0564945803224,7
"G_15",-50,-130,11.6218777338796,7
"G_15",-45,-140,5.818904842099,7
"G_17",-70,-110,-0.865003024120909,7
"G_17",-75,-100,-1.42253190771572,7
"G_17",-75,-120,2.12695585170069,7
"G_18",-60,-110,25.8449093869256,7
"G_18",-65,-100,-80.7988967114889,7
"G_18",-70,-110,0.86500302412091,7
"G_18",-65,-120,54.5868032486389,7
"G_19",-50,-110,4.08159572343654,7
"G_19",-55,-100,-82.2921092940576,7
"G_19",-60,-110,-25.8449093869256,7
"G_19",-55,-120,104.760335113777,7
"G_20",-40,-110,-10.4906399908748,7
"G_20",-45,-100,2.45118805014143,7
"G_20",-50,-110,-4.08159572343649,7
"G_20",-45,-120,12.0564945803224,7
"G_22",-70,-90,-0.591727913932527,7
"G_22",-75,-80,-0.464617380867536,7
"G_22",-75,-100,1.42253190771572,7
"G_23",-60,-90,15.4848217322344,7
"G_23",-65,-80,-97.5885288838489,7
"G_23",-70,-90,0.591727913932528,7
"G_23",-65,-100,80.7988967114888,7
"G_24",-50,-90,-10.2262826186132,7
"G_24",-55,-80,-56.3072920770616,7
"G_24",-60,-90,-15.4848217322343,7
"G_24",-55,-100,82.2921092940577,7
"G_25",-40,-90,-4.21339558459959,7
"G_25",-45,-80,-3.70194910302207,7
"G_25",-50,-90,10.2262826186132,7
"G_25",-45,-100,-2.45118805014142,7
"G_27",-70,-70,-0.763482725693245,7
"G_27",-75,-60,0.32114017321458,7
"G_27",-75,-80,0.464617380867522,7
"G_28",-60,-70,-76.3987450306951,7
"G_28",-65,-60,-22.2464597966398,7
"G_28",-70,-70,0.763482725693246,7
"G_28",-65,-80,97.5885288838489,7
"G_29",-50,-70,1.99986467559631,7
"G_29",-55,-60,-136.031300090076,7
"G_29",-60,-70,76.3987450306951,7
"G_29",-55,-80,56.3072920770616,7
"G_30",-40,-70,-0.420095431915808,7
"G_30",-45,-60,-2.07872050557347,7
"G_30",-50,-70,-1.99986467559631,7
"G_30",-45,-80,3.70194910302203,7
"G_32",-70,-50,-17.0715773303925,7
"G_32",-75,-40,16.9799603442566,7
"G_32",-75,-60,-0.32114017321458,7
"G_33",-60,-50,-33.6953360989855,7
"G_33",-65,-40,-6.59946838593123,7
"G_33",-70,-50,17.0715773303925,7
"G_33",-65,-60,22.2464597966397,7
"G_34",-50,-50,-123.055888098392,7
"G_34",-55,-40,-45.1539577054214,7
"G_34",-60,-50,33.6953360989854,7
"G_34",-55,-60,136.031300090076,7
"G_35",-40,-50,58.9419708776425,7
"G_35",-45,-40,-186.179700747564,7
"G_35",-50,-50,123.055888098392,7
"G_35",-45,-60,2.07872050557349,7
"G_37",-70,-30,-3.00217392839581,7
"G_37",-75,-20,19.9176190769948,7
"G_37",-75,-40,-16.9799603442566,7
"G_38",-60,-30,-13.4013182045673,7
"G_38",-65,-20,3.03655550764614,7
"G_38",-70,-30,3.00217392839582,7
"G_38",-65,-40,6.59946838593109,7
"G_39",-50,-30,18.7514415984374,7
"G_39",-55,-20,-76.0686819356973,7
"G_39",-60,-30,13.4013182045674,7
"G_39",-55,-40,45.1539577054216,7
"G_40",-40,-30,-37.3403021100656,7
"G_40",-45,-20,-129.263714299577,7
"G_40",-50,-30,-18.751441598437,7
"G_40",-45,-40,186.179700747564,7
"G_42",-70,-10,19.9345064642815,7
"G_42",-75,-20,-19.9176190769948,7
"G_43",-60,-10,-26.6056703271059,7
"G_43",-65,0,49.6052489467497,7
"G_43",-70,-10,-19.9345064642815,7
"G_43",-65,-20,-3.03655550764612,7
"G_44",-50,-10,-0.277385099366702,7
"G_44",-55,0,-103.048704109567,7
"G_44",-60,-10,26.6056703271059,7
"G_44",-55,-20,76.0686819356972,7
"G_45",-40,-10,-10.5746941158767,7
"G_45",-45,0,-120.119753428714,7
"G_45",-50,-10,0.27738509936674,7
"G_45",-45,-20,129.263714299577,7
"G_47",-70,10,-0.049954377560758,7
"G_48",-60,10,13.7085003431248,7
"G_48",-65,20,36.0106236109092,7
"G_48",-70,10,0.0499543775607584,7
"G_48",-65,0,-49.6052489467497,7
"G_49",-50,10,-3.79775036163803,7
"G_49",-55,20,-85.3108415510781,7
"G_49",-60,10,-13.7085003431248,7
"G_49",-55,0,103.048704109567,7
"G_50",-40,10,7.9095061736748,7
"G_50",-45,20,-132.460853329003,7
"G_50",-50,10,3.79775036163836,7
"G_50",-45,0,120.119753428714,7
"G_52",-70,30,-0.00256319919340278,7
"G_53",-60,30,20.7645757057616,7
"G_53",-65,40,15.3941132760981,7
"G_53",-70,30,0.00256319919340265,7
"G_53",-65,20,-36.0106236109092,7
"G_54",-50,30,14.5889533412108,7
"G_54",-55,40,-79.2783427097466,7
"G_54",-60,30,-20.7645757057608,7
"G_54",-55,20,85.3108415510782,7
"G_55",-40,30,0.484540553737279,7
"G_55",-45,40,-116.514917670829,7
"G_55",-50,30,-14.5889533412108,7
"G_55",-45,20,132.460853329003,7
"G_58",-60,50,19.486307723812,7
"G_58",-65,60,-4.18266456177127,7
"G_58",-65,40,-15.3941132760981,7
"G_59",-50,50,-6.77374119964225,7
"G_59",-55,60,-51.9927012812801,7
"G_59",-60,50,-19.486307723812,7
"G_59",-55,40,79.2783427097467,7
"G_60",-40,50,40.0689450890387,7
"G_60",-45,60,-161.682084367722,7
"G_60",-50,50,6.7737411996422,7
"G_60",-45,40,116.514917670829,7
"G_63",-60,70,11.1538456513373,7
"G_63",-65,80,-15.4194595838865,7
"G_63",-65,60,4.18266456177128,7
"G_64",-50,70,6.0370724069991,7
"G_64",-55,80,-47.5499956253397,7
"G_64",-60,70,-11.1538456513373,7
"G_64",-55,60,51.99270128128,7
"G_65",-40,70,-10.7939370165075,7
"G_65",-45,80,-145.177488943953,7
"G_65",-50,70,-6.03707240699913,7
"G_65",-45,60,161.682084367722,7
"G_68",-60,90,-41.4401919970937,7
"G_68",-65,100,25.2008031117763,7
"G_68",-65,80,15.4194595838865,7
"G_69",-50,90,30.0889411524836,7
"G_69",-55,100,-119.186850704911,7
"G_69",-60,90,41.4401919970937,7
"G_69",-55,80,47.5499956253396,7
"G_70",-40,90,-17.4764115730562,7
"G_70",-45,100,-96.8514010350977,7
"G_70",-50,90,-30.0889411524835,7
"G_70",-45,80,145.177488943953,7
"G_73",-60,110,41.7135985519406,7
"G_73",-65,120,-16.2565981553495,7
"G_73",-65,100,-25.2008031117764,7
"G_74",-50,110,38.0796483586297,7
"G_74",-55,120,-115.932187897399,7
"G_74",-60,110,-41.7135985519406,7
"G_74",-55,100,119.186850704911,7
"G_75",-40,110,-12.7158345024072,7
"G_75",-45,120,-45.7170878128781,7
"G_75",-50,110,-38.0796483586297,7
"G_75",-45,100,96.8514010350976,7
"G_78",-60,130,16.688918950163,7
"G_78",-65,140,-33.252998388448,7
"G_78",-65,120,16.2565981553495,7
"G_79",-50,130,-2.04096128215497,7
"G_79",-55,140,-97.2568119757479,7
"G_79",-60,130,-16.688918950163,7
"G_79",-55,120,115.932187897399,7
"G_80",-40,130,4.13432295315038,7
"G_80",-45,140,-51.7816944548336,7
"G_80",-50,130,2.04096128215502,7
"G_80",-45,120,45.717087812878,7
"G_83",-60,150,-26.9279994529921,7
"G_83",-65,160,-7.63146437840884,7
"G_83",-65,140,33.252998388448,7
"G_84",-50,150,61.8660460482493,7
"G_84",-55,160,-188.743491366339,7
"G_84",-60,150,26.9279994529921,7
"G_84",-55,140,97.2568119757479,7
"G_85",-40,150,6.06829328227651,7
"G_85",-45,160,3.85505570351145,7
"G_85",-50,150,-61.8660460482493,7
"G_85",-45,140,51.7816944548336,7
"G_87",-70,169.95,-7.51663733897608,7
"G_87",-75,179.9,7.56925116372824,7
"G_88",-60,169.95,41.2358047666876,7
"G_88",-65,179.9,-56.3326116569267,7
"G_88",-70,169.95,7.51663733897607,7
"G_88",-65,160,7.63146437840884,7
"G_89",-50,169.95,-66.3782053341959,7
"G_89",-55,179.9,-80.1945840344167,7
"G_89",-60,169.95,-41.2358047666876,7
"G_89",-55,160,188.743491366339,7
"G_90",-40,169.95,13.6479310571547,7
"G_90",-45,179.9,-74.0432105267008,7
"G_90",-50,169.95,66.3782053341959,7
"G_90",-45,160,-3.85505570351144,7
"G_2",-70,-169.95,-12.4311254303135,8
"G_2",-75,-160,18.7602177839269,8
"G_2",-75,-179.9,-6.8512423961695,8
"G_3",-60,-169.95,-13.6277795247085,8
"G_3",-65,-160,-57.2160210327436,8
"G_3",-70,-169.95,12.4311254303134,8
"G_3",-65,-179.9,58.6724628404939,8
"G_4",-50,-169.95,29.5167473784158,8
"G_4",-55,-160,-116.251993474998,8
"G_4",-60,-169.95,13.6277795247085,8
"G_4",-55,-179.9,73.7455391884089,8
"G_5",-40,-169.95,-23.2980895883828,8
"G_5",-45,-160,-28.7157126195127,8
"G_5",-50,-169.95,-29.5167473784158,8
"G_5",-45,-179.9,82.0127040855836,8
"G_7",-70,-150,5.73123086505664,8
"G_7",-75,-140,13.083431909037,8
"G_7",-75,-160,-18.7602177839269,8
"G_8",-60,-150,-36.5269182019218,8
"G_8",-65,-140,-15.2444619688319,8
"G_8",-70,-150,-5.73123086505663,8
"G_8",-65,-160,57.2160210327437,8
"G_9",-50,-150,18.5916234257816,8
"G_9",-55,-140,-171.801258819008,8
"G_9",-60,-150,36.5269182019218,8
"G_9",-55,-160,116.251993474998,8
"G_10",-40,-150,-8.17219941506578,8
"G_10",-45,-140,-2.19294186665553,8
"G_10",-50,-150,-18.5916234257815,8
"G_10",-45,-160,28.7157126195127,8
"G_12",-70,-130,14.8989714154269,8
"G_12",-75,-120,-1.72269763149482,8
"G_12",-75,-140,-13.083431909037,8
"G_13",-60,-130,52.2048545022741,8
"G_13",-65,-120,-52.4118951323687,8
"G_13",-70,-130,-14.8989714154269,8
"G_13",-65,-140,15.2444619688319,8
"G_14",-50,-130,-13.3701957070006,8
"G_14",-55,-120,-106.577973049614,8
"G_14",-60,-130,-52.2048545022741,8
"G_14",-55,-140,171.801258819008,8
"G_15",-40,-130,-4.38837216101551,8
"G_15",-45,-120,-11.1801436549295,8
"G_15",-50,-130,13.3701957070006,8
"G_15",-45,-140,2.19294186665551,8
"G_17",-70,-110,-0.964947385946895,8
"G_17",-75,-100,-0.859529077018003,8
"G_17",-75,-120,1.72269763149482,8
"G_18",-60,-110,22.9595828074233,8
"G_18",-65,-100,-76.2136363961847,8
"G_18",-70,-110,0.964947385946897,8
"G_18",-65,-120,52.4118951323687,8
"G_19",-50,-110,1.6213671460495,8
"G_19",-55,-100,-84.3938973782542,8
"G_19",-60,-110,-22.9595828074233,8
"G_19",-55,-120,106.577973049614,8
"G_20",-40,-110,-7.43971833727979,8
"G_20",-45,-100,-2.10893696363416,8
"G_20",-50,-110,-1.62136714604946,8
"G_20",-45,-120,11.1801436549295,8
"G_22",-70,-90,-0.0426933937284108,8
"G_22",-75,-80,-0.499986757680512,8
"G_22",-75,-100,0.859529077018003,8
"G_23",-60,-90,14.5906370296193,8
"G_23",-65,-80,-91.2665300796419,8
"G_23",-70,-90,0.0426933937284113,8
"G_23",-65,-100,76.2136363961846,8
"G_24",-50,-90,-5.73209561519869,8
"G_24",-55,-80,-64.036583587958,8
"G_24",-60,-90,-14.5906370296193,8
"G_24",-55,-100,84.3938973782543,8
"G_25",-40,-90,-2.91453837548443,8
"G_25",-45,-80,-5.00590798093901,8
"G_25",-50,-90,5.73209561519869,8
"G_25",-45,-100,2.10893696363417,8
"G_27",-70,-70,-0.762320223248578,8
"G_27",-75,-60,0.278052026266823,8
"G_27",-75,-80,0.499986757680495,8
"G_28",-60,-70,-67.6101492703838,8
"G_28",-65,-60,-24.8245756810107,8
"G_28",-70,-70,0.762320223248578,8
"G_28",-65,-80,91.2665300796419,8
"G_29",-50,-70,1.06150714708145,8
"G_29",-55,-60,-133.867496417023,8
"G_29",-60,-70,67.6101492703838,8
"G_29",-55,-80,64.036583587958,8
"G_30",-40,-70,-2.78979428830456,8
"G_30",-45,-60,-1.91314473324353,8
"G_30",-50,-70,-1.06150714708145,8
"G_30",-45,-80,5.00590798093899,8
"G_32",-70,-50,-16.9059216178324,8
"G_32",-75,-40,16.8180789602708,8
"G_32",-75,-60,-0.278052026266823,8
"G_33",-60,-50,-35.8691441123526,8
"G_33",-65,-40,-6.50853766979443,8
"G_33",-70,-50,16.9059216178325,8
"G_33",-65,-60,24.8245756810106,8
"G_34",-50,-50,-121.976553134387,8
"G_34",-55,-40,-46.4212423265611,8
"G_34",-60,-50,35.8691441123525,8
"G_34",-55,-60,133.867496417023,8
"G_35",-40,-50,43.7202278742024,8
"G_35",-45,-40,-170.042162217327,8
"G_35",-50,-50,121.976553134387,8
"G_35",-45,-60,1.91314473324355,8
"G_37",-70,-30,-3.05444872633567,8
"G_37",-75,-20,19.8255348489772,8
"G_37",-75,-40,-16.8180789602708,8
"G_38",-60,-30,-14.6576161629186,8
"G_38",-65,-20,4.26065874161991,8
"G_38",-70,-30,3.05444872633567,8
"G_38",-65,-40,6.5085376697943,8
"G_39",-50,-30,19.0146403243773,8
"G_39",-55,-20,-78.9019364605297,8
"G_39",-60,-30,14.6576161629187,8
"G_39",-55,-40,46.4212423265613,8
"G_40",-40,-30,-24.3448258600093,8
"G_40",-45,-20,-126.109572416498,8
"G_40",-50,-30,-19.0146403243771,8
"G_40",-45,-40,170.042162217327,8
"G_42",-70,-10,19.7823073674861,8
"G_42",-75,-20,-19.8255348489772,8
"G_43",-60,-10,-24.3270988267669,8
"G_43",-65,0,48.5792112538037,8
"G_43",-70,-10,-19.7823073674861,8
"G_43",-65,-20,-4.26065874161989,8
"G_44",-50,-10,-4.80172293578051,8
"G_44",-55,0,-99.2754160029111,8
"G_44",-60,-10,24.3270988267669,8
"G_44",-55,-20,78.9019364605297,8
"G_45",-40,-10,-12.7993189796589,8
"G_45",-45,0,-119.194783730891,8
"G_45",-50,-10,4.80172293578054,8
"G_45",-45,-20,126.109572416498,8
"G_47",-70,10,-0.0462260821538976,8
"G_48",-60,10,16.4521863853358,8
"G_48",-65,20,32.1758967631777,8
"G_48",-70,10,0.046226082153898,8
"G_48",-65,0,-48.5792112538037,8
"G_49",-50,10,0.568508205744197,8
"G_49",-55,20,-82.6246002612471,8
"G_49",-60,10,-16.4521863853358,8
"G_49",-55,0,99.2754160029111,8
"G_50",-40,10,8.73740705300699,8
"G_50",-45,20,-127.479413766923,8
"G_50",-50,10,-0.568508205743838,8
"G_50",-45,0,119.194783730891,8
"G_52",-70,30,-0.00751476511072342,8
"G_53",-60,30,15.1298541600807,8
"G_53",-65,40,17.326643951915,8
"G_53",-70,30,0.0075147651107234,8
"G_53",-65,20,-32.1758967631778,8
"G_54",-50,30,19.4212926870296,8
"G_54",-55,40,-87.2387107472458,8
"G_54",-60,30,-15.1298541600799,8
"G_54",-55,20,82.6246002612472,8
"G_55",-40,30,10.4878147181007,8
"G_55",-45,40,-117.673862166994,8
"G_55",-50,30,-19.4212926870298,8
"G_55",-45,20,127.479413766923,8
"G_58",-60,50,22.3074157334342,8
"G_58",-65,60,-5.15331967423166,8
"G_58",-65,40,-17.326643951915,8
"G_59",-50,50,-11.6630781014286,8
"G_59",-55,60,-52.2056003140936,8
"G_59",-60,50,-22.3074157334341,8
"G_59",-55,40,87.2387107472459,8
"G_60",-40,50,29.8385651501681,8
"G_60",-45,60,-158.051588160113,8
"G_60",-50,50,11.6630781014286,8
"G_60",-45,40,117.673862166994,8
"G_63",-60,70,11.685788761759,8
"G_63",-65,80,-16.9048479915033,8
"G_63",-65,60,5.15331967423168,8
"G_64",-50,70,9.39519938793483,8
"G_64",-55,80,-50.4043138267628,8
"G_64",-60,70,-11.685788761759,8
"G_64",-55,60,52.2056003140936,8
"G_65",-40,70,-9.40934750466539,8
"G_65",-45,80,-139.407290904887,8
"G_65",-50,70,-9.39519938793485,8
"G_65",-45,60,158.051588160113,8
"G_68",-60,90,-42.3937992395554,8
"G_68",-65,100,24.6933224786282,8
"G_68",-65,80,16.9048479915033,8
"G_69",-50,90,25.9967218095699,8
"G_69",-55,100,-119.043951259318,8
"G_69",-60,90,42.3937992395554,8
"G_69",-55,80,50.4043138267627,8
"G_70",-40,90,-15.6384097504294,8
"G_70",-45,100,-97.1990925893932,8
"G_70",-50,90,-25.9967218095698,8
"G_70",-45,80,139.407290904887,8
"G_73",-60,110,38.6373702867087,8
"G_73",-65,120,-13.8663069578913,8
"G_73",-65,100,-24.6933224786283,8
"G_74",-50,110,34.3125888582494,8
"G_74",-55,120,-115.214701330617,8
"G_74",-60,110,-38.6373702867087,8
"G_74",-55,100,119.043951259318,8
"G_75",-40,110,-10.5757431103781,8
"G_75",-45,120,-51.6910065799655,8
"G_75",-50,110,-34.3125888582494,8
"G_75",-45,100,97.1990925893931,8
"G_78",-60,130,17.6810788175243,8
"G_78",-65,140,-31.6747730831801,8
"G_78",-65,120,13.8663069578913,8
"G_79",-50,130,4.03365955285081,8
"G_79",-55,140,-101.668181533665,8
"G_79",-60,130,-17.6810788175243,8
"G_79",-55,120,115.214701330617,8
"G_80",-40,130,3.92774597546207,8
"G_80",-45,140,-51.4794374348584,8
"G_80",-50,130,-4.03365955285077,8
"G_80",-45,120,51.6910065799655,8
"G_83",-60,150,-22.4080389029323,8
"G_83",-65,160,-10.4470503868204,8
"G_83",-65,140,31.6747730831801,8
"G_84",-50,150,56.2705757601011,8
"G_84",-55,160,-182.53947911222,8
"G_84",-60,150,22.4080389029323,8
"G_84",-55,140,101.668181533665,8
"G_85",-40,150,3.93698273584924,8
"G_85",-45,160,0.566421502802833,8
"G_85",-50,150,-56.2705757601011,8
"G_85",-45,140,51.4794374348584,8
"G_87",-70,169.95,-6.84273576313692,8
"G_87",-75,179.9,6.84879186628214,8
"G_88",-60,169.95,41.9523011945608,8
"G_88",-65,179.9,-59.3927078777014,8
"G_88",-70,169.95,6.84273576313692,8
"G_88",-65,160,10.4470503868204,8
"G_89",-50,169.95,-60.8976651847219,8
"G_89",-55,179.9,-78.6282425446577,8
"G_89",-60,169.95,-41.9523011945608,8
"G_89",-55,160,182.53947911222,8
"G_90",-40,169.95,17.7715349954449,8
"G_90",-45,179.9,-76.1069358119859,8
"G_90",-50,169.95,60.8976651847219,8
"G_90",-45,160,-0.566421502802838,8
"G_2",-70,-169.95,-12.7462340962928,9
"G_2",-75,-160,18.999896908505,9
"G_2",-75,-179.9,-6.77906331875692,9
"G_3",-60,-169.95,-13.1327656291544,9
"G_3",-65,-160,-53.2920383105309,9
"G_3",-70,-169.95,12.7462340962928,9
"G_3",-65,-179.9,53.9281572169961,9
"G_4",-50,-169.95,27.7002202691927,9
"G_4",-55,-160,-118.823608631214,9
"G_4",-60,-169.95,13.1327656291544,9
"G_4",-55,-179.9,78.704858957013,9
"G_5",-40,-169.95,-18.0221332622835,9
"G_5",-45,-160,-35.0446144749318,9
"G_5",-50,-169.95,-27.7002202691927,9
"G_5",-45,-179.9,81.0223516497951,9
"G_7",-70,-150,5.60022663378379,9
"G_7",-75,-140,13.5299571415598,9
"G_7",-75,-160,-18.999896908505,9
"G_8",-60,-150,-33.5927618310746,9
"G_8",-65,-140,-14.4245293212072,9
"G_8",-70,-150,-5.60022663378379,9
"G_8",-65,-160,53.292038310531,9
"G_9",-50,-150,21.026605583908,9
"G_9",-55,-140,-174.088390516992,9
"G_9",-60,-150,33.5927618310747,9
"G_9",-55,-160,118.823608631214,9
"G_10",-40,-150,-11.0334781700533,9
"G_10",-45,-140,-3.18996850435582,9
"G_10",-50,-150,-21.0266055839079,9
"G_10",-45,-160,35.0446144749319,9
"G_12",-70,-130,15.3827511895779,9
"G_12",-75,-120,-1.84669905577397,9
"G_12",-75,-140,-13.5299571415598,9
"G_13",-60,-130,51.3370395482876,9
"G_13",-65,-120,-50.1845630217908,9
"G_13",-70,-130,-15.3827511895779,9
"G_13",-65,-140,14.4245293212072,9
"G_14",-50,-130,-13.9815941590542,9
"G_14",-55,-120,-108.760628764458,9
"G_14",-60,-130,-51.3370395482876,9
"G_14",-55,-140,174.088390516992,9
"G_15",-40,-130,-5.84608188527468,9
"G_15",-45,-120,-11.3975428158326,9
"G_15",-50,-130,13.9815941590542,9
"G_15",-45,-140,3.1899685043558,9
"G_17",-70,-110,-0.713738244202923,9
"G_17",-75,-100,-1.27381426729421,9
"G_17",-75,-120,1.84669905577397,9
"G_18",-60,-110,24.5682088360879,9
"G_18",-65,-100,-75.2763617762261,9
"G_18",-70,-110,0.713738244202925,9
"G_18",-65,-120,50.1845630217909,9
"G_19",-50,-110,4.4329111543209,9
"G_19",-55,-100,-88.1781049437338,9
"G_19",-60,-110,-24.5682088360879,9
"G_19",-55,-120,108.760628764458,9
"G_20",-40,-110,-7.60873040403715,9
"G_20",-45,-100,0.797819516907203,9
"G_20",-50,-110,-4.43291115432088,9
"G_20",-45,-120,11.3975428158326,9
"G_22",-70,-90,-0.426216286222428,9
"G_22",-75,-80,-0.520689994562132,9
"G_22",-75,-100,1.27381426729421,9
"G_23",-60,-90,20.6550598476668,9
"G_23",-65,-80,-96.7200012499633,9
"G_23",-70,-90,0.426216286222429,9
"G_23",-65,-100,75.2763617762261,9
"G_24",-50,-90,-6.86602267661992,9
"G_24",-55,-80,-60.6333970616969,9
"G_24",-60,-90,-20.6550598476668,9
"G_24",-55,-100,88.1781049437339,9
"G_25",-40,-90,-2.36600685557898,9
"G_25",-45,-80,-3.75876616381318,9
"G_25",-50,-90,6.86602267661992,9
"G_25",-45,-100,-0.797819516907184,9
"G_27",-70,-70,-0.733550784990653,9
"G_27",-75,-60,0.235418365563197,9
"G_27",-75,-80,0.520689994562115,9
"G_28",-60,-70,-75.18545488465,9
"G_28",-65,-60,-22.6020107550825,9
"G_28",-70,-70,0.733550784990653,9
"G_28",-65,-80,96.7200012499633,9
"G_29",-50,-70,-0.386909131609062,9
"G_29",-55,-60,-136.3840109765,9
"G_29",-60,-70,75.1854548846499,9
"G_29",-55,-80,60.6333970616969,9
"G_30",-40,-70,-3.04224823514425,9
"G_30",-45,-60,-1.86200382423152,9
"G_30",-50,-70,0.386909131609068,9
"G_30",-45,-80,3.75876616381315,9
"G_32",-70,-50,-16.1624103955116,9
"G_32",-75,-40,16.0433610706107,9
"G_32",-75,-60,-0.235418365563197,9
"G_33",-60,-50,-32.9718042489544,9
"G_33",-65,-40,-6.2682554751799,9
"G_33",-70,-50,16.1624103955116,9
"G_33",-65,-60,22.6020107550824,9
"G_34",-50,-50,-121.593283299046,9
"G_34",-55,-40,-46.748302181212,9
"G_34",-60,-50,32.9718042489543,9
"G_34",-55,-60,136.384010976499,9
"G_35",-40,-50,36.2945256328878,9
"G_35",-45,-40,-161.908469793119,9
"G_35",-50,-50,121.593283299046,9
"G_35",-45,-60,1.86200382423154,9
"G_37",-70,-30,-2.62512058427325,9
"G_37",-75,-20,18.5684701063047,9
"G_37",-75,-40,-16.0433610706107,9
"G_38",-60,-30,-14.5682227089164,9
"G_38",-65,-20,4.86702880213684,9
"G_38",-70,-30,2.62512058427325,9
"G_38",-65,-40,6.26825547517977,9
"G_39",-50,-30,24.332001081756,9
"G_39",-55,-20,-84.4340516648692,9
"G_39",-60,-30,14.5682227089165,9
"G_39",-55,-40,46.7483021812123,9
"G_40",-40,-30,-16.0119352782821,9
"G_40",-45,-20,-120.978534553662,9
"G_40",-50,-30,-24.3320010817557,9
"G_40",-45,-40,161.908469793119,9
"G_42",-70,-10,18.5727520852081,9
"G_42",-75,-20,-18.5684701063047,9
"G_43",-60,-10,-22.8362415836718,9
"G_43",-65,0,46.4426716199196,9
"G_43",-70,-10,-18.5727520852082,9
"G_43",-65,-20,-4.86702880213683,9
"G_44",-50,-10,-10.008670854894,9
"G_44",-55,0,-98.2175908897433,9
"G_44",-60,-10,22.8362415836718,9
"G_44",-55,-20,84.4340516648693,9
"G_45",-40,-10,-10.1057418914624,9
"G_45",-45,0,-121.819431634975,9
"G_45",-50,-10,10.008670854894,9
"G_45",-45,-20,120.978534553662,9
"G_47",-70,10,-0.0303099376369276,9
"G_48",-60,10,14.7867031245439,9
"G_48",-65,20,31.6463475638586,9
"G_48",-70,10,0.0303099376369281,9
"G_48",-65,0,-46.4426716199196,9
"G_49",-50,10,-1.28826538274637,9
"G_49",-55,20,-81.3621890793451,9
"G_49",-60,10,-14.7867031245439,9
"G_49",-55,0,98.2175908897432,9
"G_50",-40,10,28.107263654642,9
"G_50",-45,20,-151.545350572196,9
"G_50",-50,10,1.28826538274671,9
"G_50",-45,0,121.819431634975,9
"G_52",-70,30,-0.00418757780067895,9
"G_53",-60,30,10.3256730226527,9
"G_53",-65,40,21.7629551232499,9
"G_53",-70,30,0.00418757780067891,9
"G_53",-65,20,-31.6463475638586,9
"G_54",-50,30,14.760853801466,9
"G_54",-55,40,-86.8452821068262,9
"G_54",-60,30,-10.3256730226518,9
"G_54",-55,20,81.3621890793451,9
"G_55",-40,30,-12.8034941507872,9
"G_55",-45,40,-122.549775744911,9
"G_55",-50,30,-14.760853801466,9
"G_55",-45,20,151.545350572196,9
"G_58",-60,50,24.265396417712,9
"G_58",-65,60,-2.94926958204363,9
"G_58",-65,40,-21.7629551232498,9
"G_59",-50,50,-10.7529415464231,9
"G_59",-55,60,-50.4215718198632,9
"G_59",-60,50,-24.2653964177119,9
"G_59",-55,40,86.8452821068264,9
"G_60",-40,50,31.1193605336594,9
"G_60",-45,60,-162.77288581488,9
"G_60",-50,50,10.7529415464231,9
"G_60",-45,40,122.549775744911,9
"G_63",-60,70,12.9753723765956,9
"G_63",-65,80,-15.9269646163423,9
"G_63",-65,60,2.94926958204366,9
"G_64",-50,70,12.5382709556231,9
"G_64",-55,80,-50.7713501060507,9
"G_64",-60,70,-12.9753723765955,9
"G_64",-55,60,50.4215718198631,9
"G_65",-40,70,-8.53729858531058,9
"G_65",-45,80,-141.593450046697,9
"G_65",-50,70,-12.5382709556232,9
"G_65",-45,60,162.772885814881,9
"G_68",-60,90,-32.6786154490778,9
"G_68",-65,100,15.9009535587567,9
"G_68",-65,80,15.9269646163423,9
"G_69",-50,90,31.4053656390485,9
"G_69",-55,100,-114.257069360339,9
"G_69",-60,90,32.6786154490778,9
"G_69",-55,80,50.7713501060507,9
"G_70",-40,90,-19.5041925629215,9
"G_70",-45,100,-90.5161372881861,9
"G_70",-50,90,-31.4053656390485,9
"G_70",-45,80,141.593450046697,9
"G_73",-60,110,32.0177444379936,9
"G_73",-65,120,-15.8405276048484,9
"G_73",-65,100,-15.9009535587568,9
"G_74",-50,110,30.0471883660054,9
"G_74",-55,120,-113.193819741311,9
"G_74",-60,110,-32.0177444379936,9
"G_74",-55,100,114.257069360339,9
"G_75",-40,110,-9.52111552894753,9
"G_75",-45,120,-50.0130760334736,9
"G_75",-50,110,-30.0471883660054,9
"G_75",-45,100,90.5161372881861,9
"G_78",-60,130,15.4007301505199,9
"G_78",-65,140,-31.5458343898803,9
"G_78",-65,120,15.8405276048484,9
"G_79",-50,130,1.04121932431827,9
"G_79",-55,140,-98.7912440616747,9
"G_79",-60,130,-15.4007301505199,9
"G_79",-55,120,113.193819741311,9
"G_80",-40,130,5.91188875830328,9
"G_80",-45,140,-54.930993079226,9
"G_80",-50,130,-1.04121932431822,9
"G_80",-45,120,50.0130760334735,9
"G_83",-60,150,-25.3607594736865,9
"G_83",-65,160,-7.28399975399584,9
"G_83",-65,140,31.5458343898803,9
"G_84",-50,150,60.9991019976598,9
"G_84",-55,160,-187.879257585724,9
"G_84",-60,150,25.3607594736865,9
"G_84",-55,140,98.7912440616746,9
"G_85",-40,150,4.70761012284894,9
"G_85",-45,160,1.01861137348472,9
"G_85",-50,150,-60.9991019976598,9
"G_85",-45,140,54.930993079226,9
"G_87",-70,169.95,-6.65739701768746,9
"G_87",-75,179.9,6.72845081599266,9
"G_88",-60,169.95,40.1785032433248,9
"G_88",-65,179.9,-54.2631707905832,9
"G_88",-70,169.95,6.65739701768746,9
"G_88",-65,160,7.28399975399584,9
"G_89",-50,169.95,-62.7168986501335,9
"G_89",-55,179.9,-83.484409278813,9
"G_89",-60,169.95,-40.1785032433248,9
"G_89",-55,160,187.879257585723,9
"G_90",-40,169.95,15.9690979890689,9
"G_90",-45,179.9,-75.3514306845872,9
"G_90",-50,169.95,62.7168986501335,9
"G_90",-45,160,-1.01861137348475,9
"G_2",-70,-169.95,-12.6298328654953,10
"G_2",-75,-160,17.7292846607757,10
"G_2",-75,-179.9,-5.6307578366189,10
"G_3",-60,-169.95,-14.8365886610079,10
"G_3",-65,-160,-52.6517397632547,10
"G_3",-70,-169.95,12.6298328654953,10
"G_3",-65,-179.9,55.0673389844213,10
"G_4",-50,-169.95,31.2039675298784,10
"G_4",-55,-160,-120.212555115369,10
"G_4",-60,-169.95,14.8365886610079,10
"G_4",-55,-179.9,74.8344405285363,10
"G_5",-40,-169.95,-13.2974680289381,10
"G_5",-45,-160,-36.0891762702254,10
"G_5",-50,-169.95,-31.2039675298784,10
"G_5",-45,-179.9,80.8110347310832,10
"G_7",-70,-150,4.4617551660427,10
"G_7",-75,-140,13.3860383741077,10
"G_7",-75,-160,-17.7292846607757,10
"G_8",-60,-150,-32.2232919229833,10
"G_8",-65,-140,-16.1610151434394,10
"G_8",-70,-150,-4.4617551660427,10
"G_8",-65,-160,52.6517397632548,10
"G_9",-50,-150,22.1349357734588,10
"G_9",-55,-140,-175.276707978274,10
"G_9",-60,-150,32.2232919229833,10
"G_9",-55,-160,120.212555115369,10
"G_10",-40,-150,-10.2798426387701,10
"G_10",-45,-140,-3.90477833393003,10
"G_10",-50,-150,-22.1349357734588,10
"G_10",-45,-160,36.0891762702254,10
"G_12",-70,-130,15.3221749120996,10
"G_12",-75,-120,-1.94945972254539,10
"G_12",-75,-140,-13.3860383741077,10
"G_13",-60,-130,51.8923827338718,10
"G_13",-65,-120,-52.6362921152462,10
"G_13",-70,-130,-15.3221749120996,10
"G_13",-65,-140,16.1610151434394,10
"G_14",-50,-130,-16.6804078209769,10
"G_14",-55,-120,-106.801297867233,10
"G_14",-60,-130,-51.8923827338718,10
"G_14",-55,-140,175.276707978274,10
"G_15",-40,-130,-7.67903712272733,10
"G_15",-45,-120,-12.9074748645436,10
"G_15",-50,-130,16.6804078209769,10
"G_15",-45,-140,3.90477833392999,10
"G_17",-70,-110,-0.281690194353698,10
"G_17",-75,-100,-1.70529633593987,10
"G_17",-75,-120,1.94945972254539,10
"G_18",-60,-110,18.4057219903508,10
"G_18",-65,-100,-71.2280386677735,10
"G_18",-70,-110,0.2816901943537,10
"G_18",-65,-120,52.6362921152462,10
"G_19",-50,-110,1.60239980108724,10
"G_19",-55,-100,-89.4294281822714,10
"G_19",-60,-110,-18.4057219903508,10
"G_19",-55,-120,106.801297867233,10
"G_20",-40,-110,-9.90305795144621,10
"G_20",-45,-100,-1.1076962758073,10
"G_20",-50,-110,-1.60239980108717,10
"G_20",-45,-120,12.9074748645436,10
"G_22",-70,-90,-0.914517440026008,10
"G_22",-75,-80,-0.551318868736402,10
"G_22",-75,-100,1.70529633593987,10
"G_23",-60,-90,26.0873312378498,10
"G_23",-65,-80,-98.4849072449926,10
"G_23",-70,-90,0.914517440026008,10
"G_23",-65,-100,71.2280386677734,10
"G_24",-50,-90,-4.15900167938365,10
"G_24",-55,-80,-59.1091308008082,10
"G_24",-60,-90,-26.0873312378498,10
"G_24",-55,-100,89.4294281822715,10
"G_25",-40,-90,-1.48405219361811,10
"G_25",-45,-80,-3.97120639840914,10
"G_25",-50,-90,4.15900167938365,10
"G_25",-45,-100,1.1076962758073,10
"G_27",-70,-70,-0.741243420105796,10
"G_27",-75,-60,0.21634808191177,10
"G_27",-75,-80,0.551318868736384,10
"G_28",-60,-70,-77.2661527658122,10
"G_28",-65,-60,-22.2765698274771,10
"G_28",-70,-70,0.741243420105797,10
"G_28",-65,-80,98.4849072449926,10
"G_29",-50,-70,0.913854837015594,10
"G_29",-55,-60,-138.343409569337,10
"G_29",-60,-70,77.2661527658122,10
"G_29",-55,-80,59.1091308008081,10
"G_30",-40,-70,-1.71653426638395,10
"G_30",-45,-60,-1.94738477443428,10
"G_30",-50,-70,-0.913854837015589,10
"G_30",-45,-80,3.97120639840913,10
"G_32",-70,-50,-15.8025067028974,10
"G_32",-75,-40,15.6737772463143,10
"G_32",-75,-60,-0.216348081911769,10
"G_33",-60,-50,-32.1424512493788,10
"G_33",-65,-40,-6.57189465713582,10
"G_33",-70,-50,15.8025067028975,10
"G_33",-65,-60,22.2765698274771,10
"G_34",-50,-50,-120.564200458073,10
"G_34",-55,-40,-48.911363437617,10
"G_34",-60,-50,32.1424512493788,10
"G_34",-55,-60,138.343409569336,10
"G_35",-40,-50,59.0928953156886,10
"G_35",-45,-40,-183.353133204548,10
"G_35",-50,-50,120.564200458073,10
"G_35",-45,-60,1.94738477443429,10
"G_37",-70,-30,-2.37649266830707,10
"G_37",-75,-20,17.991956623808,10
"G_37",-75,-40,-15.6737772463143,10
"G_38",-60,-30,-12.2329542060678,10
"G_38",-65,-20,2.47582481752381,10
"G_38",-70,-30,2.37649266830706,10
"G_38",-65,-40,6.57189465713571,10
"G_39",-50,-30,19.429895697362,10
"G_39",-55,-20,-79.6323471518157,10
"G_39",-60,-30,12.2329542060679,10
"G_39",-55,-40,48.9113634376173,10
"G_40",-40,-30,-34.7562302381192,10
"G_40",-45,-20,-128.385662128945,10
"G_40",-50,-30,-19.4298956973616,10
"G_40",-45,-40,183.353133204548,10
"G_42",-70,-10,17.9564997656364,10
"G_42",-75,-20,-17.991956623808,10
"G_43",-60,-10,-23.0879744017534,10
"G_43",-65,0,43.8053052483982,10
"G_43",-70,-10,-17.9564997656364,10
"G_43",-65,-20,-2.4758248175238,10
"G_44",-50,-10,-1.42210543635531,10
"G_44",-55,0,-101.882092896918,10
"G_44",-60,-10,23.0879744017534,10
"G_44",-55,-20,79.6323471518157,10
"G_45",-40,-10,-10.2733417711307,10
"G_45",-45,0,-120.755023743169,10
"G_45",-50,-10,1.42210543635529,10
"G_45",-45,-20,128.385662128945,10
"G_47",-70,10,-0.0381948861984,10
"G_48",-60,10,16.4019339530197,10
"G_48",-65,20,27.4121736479166,10
"G_48",-70,10,0.0381948861984005,10
"G_48",-65,0,-43.8053052483982,10
"G_49",-50,10,-3.12568051976145,10
"G_49",-55,20,-82.1653659983451,10
"G_49",-60,10,-16.4019339530197,10
"G_49",-55,0,101.882092896918,10
"G_50",-40,10,0.0377542309114602,10
"G_50",-45,20,-123.49753886127,10
"G_50",-50,10,3.12568051976184,10
"G_50",-45,0,120.75502374317,10
"G_52",-70,30,-0.00711923503897965,10
"G_53",-60,30,11.5274692080165,10
"G_53",-65,40,16.038724041396,10
"G_53",-70,30,0.00711923503897966,10
"G_53",-65,20,-27.4121736479167,10
"G_54",-50,30,15.3331389136782,10
"G_54",-55,40,-86.091625208227,10
"G_54",-60,30,-11.5274692080159,10
"G_54",-55,20,82.1653659983451,10
"G_55",-40,30,3.49194096000979,10
"G_55",-45,40,-111.046806005808,10
"G_55",-50,30,-15.333138913678,10
"G_55",-45,20,123.497538861269,10
"G_58",-60,50,23.8220606408696,10
"G_58",-65,60,-8.02075360524769,10
"G_58",-65,40,-16.038724041396,10
"G_59",-50,50,-11.6047951590624,10
"G_59",-55,60,-49.7264738682177,10
"G_59",-60,50,-23.8220606408695,10
"G_59",-55,40,86.0916252082272,10
"G_60",-40,50,42.1623881866751,10
"G_60",-45,60,-163.223869692394,10
"G_60",-50,50,11.6047951590625,10
"G_60",-45,40,111.046806005808,10
"G_63",-60,70,11.4806211693968,10
"G_63",-65,80,-19.4925547690881,10
"G_63",-65,60,8.02075360524768,10
"G_64",-50,70,11.3948723929632,10
"G_64",-55,80,-50.389419674382,10
"G_64",-60,70,-11.4806211693968,10
"G_64",-55,60,49.7264738682177,10
"G_65",-40,70,-8.88823464920267,10
"G_65",-45,80,-142.657222288683,10
"G_65",-50,70,-11.3948723929633,10
"G_65",-45,60,163.223869692394,10
"G_68",-60,90,-30.918912612238,10
"G_68",-65,100,10.4498613099512,10
"G_68",-65,80,19.4925547690881,10
"G_69",-50,90,33.8733381905055,10
"G_69",-55,100,-114.435739447408,10
"G_69",-60,90,30.918912612238,10
"G_69",-55,80,50.3894196743819,10
"G_70",-40,90,-19.3795820606706,10
"G_70",-45,100,-89.3604229897204,10
"G_70",-50,90,-33.8733381905055,10
"G_70",-45,80,142.657222288683,10
"G_73",-60,110,32.8833866219918,10
"G_73",-65,120,-22.1820174821885,10
"G_73",-65,100,-10.4498613099512,10
"G_74",-50,110,29.2750950496692,10
"G_74",-55,120,-111.514270408197,10
"G_74",-60,110,-32.8833866219918,10
"G_74",-55,100,114.435739447409,10
"G_75",-40,110,-10.5959473129768,10
"G_75",-45,120,-48.4113954351201,10
"G_75",-50,110,-29.2750950496692,10
"G_75",-45,100,89.3604229897203,10
"G_78",-60,130,9.2499873387219,10
"G_78",-65,140,-31.5927262676404,10
"G_78",-65,120,22.1820174821885,10
"G_79",-50,130,-3.20761586088433,10
"G_79",-55,140,-99.4191931301762,10
"G_79",-60,130,-9.24998733872189,10
"G_79",-55,120,111.514270408197,10
"G_80",-40,130,0.872164187752647,10
"G_80",-45,140,-52.4462633303555,10
"G_80",-50,130,3.20761586088438,10
"G_80",-45,120,48.41139543512,10
"G_83",-60,150,-24.2787948939385,10
"G_83",-65,160,-8.49978083899978,10
"G_83",-65,140,31.5927262676404,10
"G_84",-50,150,59.8328351212787,10
"G_84",-55,160,-186.468074829723,10
"G_84",-60,150,24.2787948939385,10
"G_84",-55,140,99.4191931301762,10
"G_85",-40,150,9.86625680451994,10
"G_85",-45,160,-2.63213346835232,10
"G_85",-50,150,-59.8328351212787,10
"G_85",-45,140,52.4462633303556,10
"G_87",-70,169.95,-5.46461441075615,10
"G_87",-75,179.9,5.52179749684063,10
"G_88",-60,169.95,41.8406539507742,10
"G_88",-65,179.9,-56.0545674409377,10
"G_88",-70,169.95,5.46461441075614,10
"G_88",-65,160,8.49978083899978,10
"G_89",-50,169.95,-63.7780879131111,10
"G_89",-55,179.9,-79.1516547443806,10
"G_89",-60,169.95,-41.8406539507742,10
"G_89",-55,160,186.468074829723,10
"G_90",-40,169.95,11.2239424727314,10
"G_90",-45,179.9,-75.2916369587044,10
"G_90",-50,169.95,63.7780879131111,10
"G_90",-45,160,2.63213346835234,10
"G_2",-70,-169.95,-12.3981249269193,11
"G_2",-75,-160,17.3615370209701,11
"G_2",-75,-179.9,-5.50401531061941,11
"G_3",-60,-169.95,-14.869733214424,11
"G_3",-65,-160,-52.0648174025616,11
"G_3",-70,-169.95,12.3981249269193,11
"G_3",-65,-179.9,54.7229503241306,11
"G_4",-50,-169.95,31.5242921161424,11
"G_4",-55,-160,-117.86096589335,11
"G_4",-60,-169.95,14.869733214424,11
"G_4",-55,-179.9,72.4689848046717,11
"G_5",-40,-169.95,-13.7878962612572,11
"G_5",-45,-160,-34.8513199173355,11
"G_5",-50,-169.95,-31.5242921161424,11
"G_5",-45,-179.9,80.2296438706998,11
"G_7",-70,-150,3.2961032210604,11
"G_7",-75,-140,14.1291338899707,11
"G_7",-75,-160,-17.3615370209701,11
"G_8",-60,-150,-30.3529581019715,11
"G_8",-65,-140,-18.7645992535247,11
"G_8",-70,-150,-3.29610322106039,11
"G_8",-65,-160,52.0648174025617,11
"G_9",-50,-150,22.2414946184595,11
"G_9",-55,-140,-170.979730439657,11
"G_9",-60,-150,30.3529581019715,11
"G_9",-55,-160,117.86096589335,11
"G_10",-40,-150,-11.388654732474,11
"G_10",-45,-140,-1.43741589581557,11
"G_10",-50,-150,-22.2414946184595,11
"G_10",-45,-160,34.8513199173356,11
"G_12",-70,-130,15.7687810934294,11
"G_12",-75,-120,-1.58128161576142,11
"G_12",-75,-140,-14.1291338899707,11
"G_13",-60,-130,49.4702770611449,11
"G_13",-65,-120,-52.1844835551606,11
"G_13",-70,-130,-15.7687810934294,11
"G_13",-65,-140,18.7645992535247,11
"G_14",-50,-130,-14.6073566883975,11
"G_14",-55,-120,-107.289530647073,11
"G_14",-60,-130,-49.4702770611449,11
"G_14",-55,-140,170.979730439657,11
"G_15",-40,-130,-4.18951719287929,11
"G_15",-45,-120,-11.6559279091494,11
"G_15",-50,-130,14.6073566883975,11
"G_15",-45,-140,1.43741589581552,11
"G_17",-70,-110,-0.181226149632939,11
"G_17",-75,-100,-1.37933402950196,11
"G_17",-75,-120,1.58128161576142,11
"G_18",-60,-110,17.2282725745817,11
"G_18",-65,-100,-69.6290537586313,11
"G_18",-70,-110,0.18122614963294,11
"G_18",-65,-120,52.1844835551606,11
"G_19",-50,-110,-1.666537488482,11
"G_19",-55,-100,-87.827490920505,11
"G_19",-60,-110,-17.2282725745817,11
"G_19",-55,-120,107.289530647073,11
"G_20",-40,-110,-8.59140212396532,11
"G_20",-45,-100,-4.47897709831355,11
"G_20",-50,-110,1.66653748848207,11
"G_20",-45,-120,11.6559279091494,11
"G_22",-70,-90,-0.734668197572211,11
"G_22",-75,-80,-0.443825386045453,11
"G_22",-75,-100,1.37933402950196,11
"G_23",-60,-90,27.6010009006622,11
"G_23",-65,-80,-98.0727661020866,11
"G_23",-70,-90,0.73466819757221,11
"G_23",-65,-100,69.6290537586312,11
"G_24",-50,-90,-1.71421727585476,11
"G_24",-55,-80,-58.5466134430566,11
"G_24",-60,-90,-27.6010009006621,11
"G_24",-55,-100,87.8274909205051,11
"G_25",-40,-90,-3.96669017513251,11
"G_25",-45,-80,-2.50624019640838,11
"G_25",-50,-90,1.71421727585477,11
"G_25",-45,-100,4.47897709831357,11
"G_27",-70,-70,-0.624239876930191,11
"G_27",-75,-60,0.210961605439453,11
"G_27",-75,-80,0.44382538604544,11
"G_28",-60,-70,-77.581765943864,11
"G_28",-65,-60,-21.7459782874007,11
"G_28",-70,-70,0.624239876930192,11
"G_28",-65,-80,98.0727661020866,11
"G_29",-50,-70,-2.33060968603083,11
"G_29",-55,-60,-134.575382598934,11
"G_29",-60,-70,77.581765943864,11
"G_29",-55,-80,58.5466134430566,11
"G_30",-40,-70,-3.35429513434207,11
"G_30",-45,-60,-2.10763461790252,11
"G_30",-50,-70,2.33060968603084,11
"G_30",-45,-80,2.50624019640839,11
"G_32",-70,-50,-14.7570293571012,11
"G_32",-75,-40,14.6327795244097,11
"G_32",-75,-60,-0.210961605439453,11
"G_33",-60,-50,-31.8221892305315,11
"G_33",-65,-40,-5.21318691797652,11
"G_33",-70,-50,14.7570293571012,11
"G_33",-65,-60,21.7459782874007,11
"G_34",-50,-50,-118.134167598177,11
"G_34",-55,-40,-47.4212825704937,11
"G_34",-60,-50,31.8221892305315,11
"G_34",-55,-60,134.575382598934,11
"G_35",-40,-50,55.2470680287291,11
"G_35",-45,-40,-177.500292733169,11
"G_35",-50,-50,118.134167598177,11
"G_35",-45,-60,2.10763461790253,11
"G_37",-70,-30,-1.82715647405094,11
"G_37",-75,-20,16.3867117273706,11
"G_37",-75,-40,-14.6327795244097,11
"G_38",-60,-30,-12.9558852442437,11
"G_38",-65,-20,5.26847405131126,11
"G_38",-70,-30,1.82715647405094,11
"G_38",-65,-40,5.21318691797638,11
"G_39",-50,-30,20.6045932944953,11
"G_39",-55,-20,-80.0478594042538,11
"G_39",-60,-30,12.9558852442438,11
"G_39",-55,-40,47.4212825704939,11
"G_40",-40,-30,-31.5613213853094,11
"G_40",-45,-20,-124.24096786016,11
"G_40",-50,-30,-20.6045932944949,11
"G_40",-45,-40,177.500292733169,11
"G_42",-70,-10,16.404142327418,11
"G_42",-75,-20,-16.3867117273705,11
"G_43",-60,-10,-21.9733588579789,11
"G_43",-65,0,43.7875543639575,11
"G_43",-70,-10,-16.404142327418,11
"G_43",-65,-20,-5.26847405131126,11
"G_44",-50,-10,-5.42457044104822,11
"G_44",-55,0,-97.231941904061,11
"G_44",-60,-10,21.9733588579789,11
"G_44",-55,-20,80.0478594042538,11
"G_45",-40,-10,-11.702404770519,11
"G_45",-45,0,-118.75383565247,11
"G_45",-50,-10,5.42457044104825,11
"G_45",-45,-20,124.24096786016,11
"G_47",-70,10,-0.0421373072026991,11
"G_48",-60,10,19.3369453123651,11
"G_48",-65,20,24.4788013746051,11
"G_48",-70,10,0.0421373072026995,11
"G_48",-65,0,-43.7875543639575,11
"G_49",-50,10,1.89703164474992,11
"G_49",-55,20,-79.6294697434038,11
"G_49",-60,10,-19.336945312365,11
"G_49",-55,0,97.231941904061,11
"G_50",-40,10,24.4009950322862,11
"G_50",-45,20,-142.506571450432,11
"G_50",-50,10,-1.89703164474951,11
"G_50",-45,0,118.75383565247,11
"G_52",-70,30,-0.00522874233029958,11
"G_53",-60,30,8.27718141545737,11
"G_53",-65,40,16.0889163057265,11
"G_53",-70,30,0.00522874233029974,11
"G_53",-65,20,-24.4788013746052,11
"G_54",-50,30,6.07197695357658,11
"G_54",-55,40,-77.051649588175,11
"G_54",-60,30,-8.27718141545666,11
"G_54",-55,20,79.6294697434038,11
"G_55",-40,30,-19.2424285947325,11
"G_55",-45,40,-115.701149199683,11
"G_55",-50,30,-6.07197695357647,11
"G_55",-45,20,142.506571450432,11
"G_58",-60,50,25.3494176873207,11
"G_58",-65,60,-9.09740277707014,11
"G_58",-65,40,-16.0889163057264,11
"G_59",-50,50,-5.00531525754727,11
"G_59",-55,60,-46.0057728705604,11
"G_59",-60,50,-25.3494176873207,11
"G_59",-55,40,77.0516495881752,11
"G_60",-40,50,30.541146069122,11
"G_60",-45,60,-149.924739235009,11
"G_60",-50,50,5.00531525754723,11
"G_60",-45,40,115.701149199683,11
"G_63",-60,70,12.0443832145085,11
"G_63",-65,80,-21.2131224225993,11
"G_63",-65,60,9.09740277707014,11
"G_64",-50,70,9.74896738307664,11
"G_64",-55,80,-44.4448851830746,11
"G_64",-60,70,-12.0443832145085,11
"G_64",-55,60,46.0057728705604,11
"G_65",-40,70,9.12207793614072,11
"G_65",-45,80,-148.95630728916,11
"G_65",-50,70,-9.74896738307669,11
"G_65",-45,60,149.924739235009,11
"G_68",-60,90,-24.794106748718,11
"G_68",-65,100,2.72676806663124,11
"G_68",-65,80,21.2131224225993,11
"G_69",-50,90,41.2764254846929,11
"G_69",-55,100,-109.881031976838,11
"G_69",-60,90,24.794106748718,11
"G_69",-55,80,44.4448851830745,11
"G_70",-40,90,-25.9404098760423,11
"G_70",-45,100,-81.923140524638,11
"G_70",-50,90,-41.2764254846928,11
"G_70",-45,80,148.95630728916,11
"G_73",-60,110,23.7446984048876,11
"G_73",-65,120,-20.9657989528763,11
"G_73",-65,100,-2.72676806663132,11
"G_74",-50,110,26.3997852073924,11
"G_74",-55,120,-113.309192119708,11
"G_74",-60,110,-23.7446984048876,11
"G_74",-55,100,109.881031976838,11
"G_75",-40,110,-8.60021361512904,11
"G_75",-45,120,-45.8506204531532,11
"G_75",-50,110,-26.3997852073924,11
"G_75",-45,100,81.923140524638,11
"G_78",-60,130,11.2813491318823,11
"G_78",-65,140,-32.2582604288653,11
"G_78",-65,120,20.9657989528763,11
"G_79",-50,130,-2.94314528239832,11
"G_79",-55,140,-99.9198702612886,11
"G_79",-60,130,-11.2813491318823,11
"G_79",-55,120,113.309192119708,11
"G_80",-40,130,-1.70914605815479,11
"G_80",-45,140,-46.3171028193608,11
"G_80",-50,130,2.94314528239835,11
"G_80",-45,120,45.8506204531532,11
"G_83",-60,150,-23.0201527555682,11
"G_83",-65,160,-10.4904667721899,11
"G_83",-65,140,32.2582604288653,11
"G_84",-50,150,53.1511060817216,11
"G_84",-55,160,-178.061780528027,11
"G_84",-60,150,23.0201527555682,11
"G_84",-55,140,99.9198702612886,11
"G_85",-40,150,10.1228935512853,11
"G_85",-45,160,-4.11674394599299,11
"G_85",-50,150,-53.1511060817216,11
"G_85",-45,140,46.3171028193608,11
"G_87",-70,169.95,-5.29067707279419,11
"G_87",-75,179.9,5.37237823923068,11
"G_88",-60,169.95,39.4286567779695,11
"G_88",-65,179.9,-55.2035066048259,11
"G_88",-70,169.95,5.29067707279419,11
"G_88",-65,160,10.4904667721899,11
"G_89",-50,169.95,-60.3625016140939,11
"G_89",-55,179.9,-77.3848329783553,11
"G_89",-60,169.95,-39.4286567779695,11
"G_89",-55,160,178.061780528027,11
"G_90",-40,169.95,12.5254541823147,11
"G_90",-45,179.9,-74.8844406849942,11
"G_90",-50,169.95,60.3625016140939,11
"G_90",-45,160,4.116743945993,11
"G_2",-70,-169.95,-11.5106486224921,12
"G_2",-75,-160,16.1820758905444,12
"G_2",-75,-179.9,-5.17007608028301,12
"G_3",-60,-169.95,-13.9059405348282,12
"G_3",-65,-160,-51.6332634805496,12
"G_3",-70,-169.95,11.5106486224921,12
"G_3",-65,-179.9,54.1238534132531,12
"G_4",-50,-169.95,27.0778476117166,12
"G_4",-55,-160,-112.752153986548,12
"G_4",-60,-169.95,13.9059405348282,12
"G_4",-55,-179.9,72.3976538290176,12
"G_5",-40,-169.95,-12.5502639880394,12
"G_5",-45,-160,-37.1934349715508,12
"G_5",-50,-169.95,-27.0778476117166,12
"G_5",-45,-179.9,77.1198929849629,12
"G_7",-70,-150,2.78941947222637,12
"G_7",-75,-140,13.4545866516913,12
"G_7",-75,-160,-16.1820758905444,12
"G_8",-60,-150,-29.6684991873914,12
"G_8",-65,-140,-19.4644002469238,12
"G_8",-70,-150,-2.78941947222637,12
"G_8",-65,-160,51.6332634805496,12
"G_9",-50,-150,24.4712134613304,12
"G_9",-55,-140,-167.482617218806,12
"G_9",-60,-150,29.6684991873914,12
"G_9",-55,-160,112.752153986548,12
"G_10",-40,-150,-11.9085374867255,12
"G_10",-45,-140,-1.11984794416688,12
"G_10",-50,-150,-24.4712134613304,12
"G_10",-45,-160,37.1934349715509,12
"G_12",-70,-130,15.1967036330601,12
"G_12",-75,-120,-1.70618858653938,12
"G_12",-75,-140,-13.4545866516913,12
"G_13",-60,-130,48.3850122176109,12
"G_13",-65,-120,-52.5078916964907,12
"G_13",-70,-130,-15.1967036330601,12
"G_13",-65,-140,19.4644002469238,12
"G_14",-50,-130,-12.5740902377781,12
"G_14",-55,-120,-106.634351485099,12
"G_14",-60,-130,-48.3850122176109,12
"G_14",-55,-140,167.482617218806,12
"G_15",-40,-130,-4.41715945470026,12
"G_15",-45,-120,-9.22978549092451,12
"G_15",-50,-130,12.5740902377781,12
"G_15",-45,-140,1.11984794416683,12
"G_17",-70,-110,-0.848407352862279,12
"G_17",-75,-100,-0.90412591995853,12
"G_17",-75,-120,1.70618858653938,12
"G_18",-60,-110,23.1028430709209,12
"G_18",-65,-100,-76.4096186839869,12
"G_18",-70,-110,0.848407352862281,12
"G_18",-65,-120,52.5078916964907,12
"G_19",-50,-110,-3.041941363509,12
"G_19",-55,-100,-79.9153000527437,12
"G_19",-60,-110,-23.1028430709209,12
"G_19",-55,-120,106.634351485099,12
"G_20",-40,-110,-6.83334081262641,12
"G_20",-45,-100,-5.2531497528171,12
"G_20",-50,-110,3.04194136350906,12
"G_20",-45,-120,9.22978549092449,12
"G_22",-70,-90,-0.214361195313458,12
"G_22",-75,-80,-0.433442534441038,12
"G_22",-75,-100,0.90412591995853,12
"G_23",-60,-90,21.2177179051841,12
"G_23",-65,-80,-98.0230370014296,12
"G_23",-70,-90,0.214361195313457,12
"G_23",-65,-100,76.4096186839869,12
"G_24",-50,-90,-3.22816604362807,12
"G_24",-55,-80,-55.5273106968797,12
"G_24",-60,-90,-21.2177179051841,12
"G_24",-55,-100,79.9153000527438,12
"G_25",-40,-90,-6.83608476290299,12
"G_25",-45,-80,-1.92701802927508,12
"G_25",-50,-90,3.22816604362808,12
"G_25",-45,-100,5.25314975281711,12
"G_27",-70,-70,-0.616382615235557,12
"G_27",-75,-60,0.211665560574976,12
"G_27",-75,-80,0.433442534441024,12
"G_28",-60,-70,-76.3435621628159,12
"G_28",-65,-60,-23.0062641134614,12
"G_28",-70,-70,0.616382615235557,12
"G_28",-65,-80,98.0230370014296,12
"G_29",-50,-70,0.131408501072333,12
"G_29",-55,-60,-132.708564615476,12
"G_29",-60,-70,76.3435621628158,12
"G_29",-55,-80,55.5273106968796,12
"G_30",-40,-70,-0.292573322978086,12
"G_30",-45,-60,-2.23641894380437,12
"G_30",-50,-70,-0.131408501072331,12
"G_30",-45,-80,1.92701802927508,12
"G_32",-70,-50,-13.3281484859714,12
"G_32",-75,-40,13.2063334424482,12
"G_32",-75,-60,-0.211665560574975,12
"G_33",-60,-50,-31.0340286587873,12
"G_33",-65,-40,-5.82251687449866,12
"G_33",-70,-50,13.3281484859714,12
"G_33",-65,-60,23.0062641134613,12
"G_34",-50,-50,-118.069710700197,12
"G_34",-55,-40,-44.6544971273989,12
"G_34",-60,-50,31.0340286587873,12
"G_34",-55,-60,132.708564615475,12
"G_35",-40,-50,28.5212012154293,12
"G_35",-45,-40,-150.748617773877,12
"G_35",-50,-50,118.069710700197,12
"G_35",-45,-60,2.23641894380438,12
"G_37",-70,-30,-1.50889329475048,12
"G_37",-75,-20,14.6089506578276,12
"G_37",-75,-40,-13.2063334424482,12
"G_38",-60,-30,-13.8815152155217,12
"G_38",-65,-20,5.94816377962547,12
"G_38",-70,-30,1.50889329475048,12
"G_38",-65,-40,5.82251687449848,12
"G_39",-50,-30,23.3994129751195,12
"G_39",-55,-20,-81.2228130066612,12
"G_39",-60,-30,13.8815152155217,12
"G_39",-55,-40,44.6544971273991,12
"G_40",-40,-30,-5.79112938455568,12
"G_40",-45,-20,-120.539994625149,12
"G_40",-50,-30,-23.3994129751192,12
"G_40",-45,-40,150.748617773877,12
"G_42",-70,-10,14.6070937056929,12
"G_42",-75,-20,-14.6089506578276,12
"G_43",-60,-10,-21.6412182404423,12
"G_43",-65,0,42.2855984150911,12
"G_43",-70,-10,-14.6070937056929,12
"G_43",-65,-20,-5.94816377962546,12
"G_44",-50,-10,-7.54207908943178,12
"G_44",-55,0,-96.0762379261746,12
"G_44",-60,-10,21.6412182404423,12
"G_44",-55,-20,81.2228130066612,12
"G_45",-40,-10,-13.6223758281795,12
"G_45",-45,0,-115.180075143913,12
"G_45",-50,-10,7.54207908943183,12
"G_45",-45,-20,120.539994625149,12
"G_47",-70,10,-0.0493443416888124,12
"G_48",-60,10,19.2528197219272,12
"G_48",-65,20,23.0075849757912,12
"G_48",-70,10,0.0493443416888128,12
"G_48",-65,0,-42.285598415091,12
"G_49",-50,10,0.946086339023821,12
"G_49",-55,20,-77.3783488812208,12
"G_49",-60,10,-19.2528197219271,12
"G_49",-55,0,96.0762379261746,12
"G_50",-40,10,4.88839597626966,12
"G_50",-45,20,-119.862703380485,12
"G_50",-50,10,-0.946086339023533,12
"G_50",-45,0,115.180075143914,12
"G_52",-70,30,-0.0185759952522169,12
"G_53",-60,30,6.35041007382702,12
"G_53",-65,40,16.943759987871,12
"G_53",-70,30,0.0185759952522171,12
"G_53",-65,20,-23.0075849757912,12
"G_54",-50,30,4.69676835079075,12
"G_54",-55,40,-75.6315688522902,12
"G_54",-60,30,-6.35041007382661,12
"G_54",-55,20,77.3783488812208,12
"G_55",-40,30,5.71575369070039,12
"G_55",-45,40,-119.811759426047,12
"G_55",-50,30,-4.69676835079065,12
"G_55",-45,20,119.862703380485,12
"G_58",-60,50,24.4412460911075,12
"G_58",-65,60,-7.64014522395924,12
"G_58",-65,40,-16.943759987871,12
"G_59",-50,50,-3.15846194818736,12
"G_59",-55,60,-47.2333740709898,12
"G_59",-60,50,-24.4412460911075,12
"G_59",-55,40,75.6315688522904,12
"G_60",-40,50,34.3811312905837,12
"G_60",-45,60,-155.849992372147,12
"G_60",-50,50,3.15846194818728,12
"G_60",-45,40,119.811759426047,12
"G_63",-60,70,16.5727223500802,12
"G_63",-65,80,-24.4157289756187,12
"G_63",-65,60,7.64014522395927,12
"G_64",-50,70,14.9917642783459,12
"G_64",-55,80,-46.275188263904,12
"G_64",-60,70,-16.5727223500802,12
"G_64",-55,60,47.2333740709898,12
"G_65",-40,70,1.69201035041098,12
"G_65",-45,80,-142.23083776146,12
"G_65",-50,70,-14.9917642783459,12
"G_65",-45,60,155.849992372148,12
"G_68",-60,90,-26.8492241833336,12
"G_68",-65,100,1.72054945809512,12
"G_68",-65,80,24.4157289756187,12
"G_69",-50,90,38.7544524363109,12
"G_69",-55,100,-111.241362225539,12
"G_69",-60,90,26.8492241833336,12
"G_69",-55,80,46.2751882639038,12
"G_70",-40,90,-23.9875654825505,12
"G_70",-45,100,-79.6976267027387,12
"G_70",-50,90,-38.7544524363108,12
"G_70",-45,80,142.23083776146,12
"G_73",-60,110,17.5900282080059,12
"G_73",-65,120,-15.9722786574873,12
"G_73",-65,100,-1.72054945809518,12
"G_74",-50,110,19.9055185864832,12
"G_74",-55,120,-114.147780900351,12
"G_74",-60,110,-17.5900282080059,12
"G_74",-55,100,111.241362225539,12
"G_75",-40,110,-11.8562984960736,12
"G_75",-45,120,-46.8860387299221,12
"G_75",-50,110,-19.9055185864832,12
"G_75",-45,100,79.6976267027387,12
"G_78",-60,130,13.9315093000553,12
"G_78",-65,140,-29.8663378419856,12
"G_78",-65,120,15.9722786574873,12
"G_79",-50,130,-0.542833592456487,12
"G_79",-55,140,-100.402129329671,12
"G_79",-60,130,-13.9315093000553,12
"G_79",-55,120,114.14778090035,12
"G_80",-40,130,-0.2855020146332,12
"G_80",-45,140,-46.8086378879178,12
"G_80",-50,130,0.542833592456524,12
"G_80",-45,120,46.8860387299221,12
"G_83",-60,150,-20.7858313053381,12
"G_83",-65,160,-10.2846361234095,12
"G_83",-65,140,29.8663378419856,12
"G_84",-50,150,52.6380079880169,12
"G_84",-55,160,-175.666388941921,12
"G_84",-60,150,20.7858313053381,12
"G_84",-55,140,100.402129329671,12
"G_85",-40,150,7.89500851987711,12
"G_85",-45,160,-2.95338993039624,12
"G_85",-50,150,-52.6380079880169,12
"G_85",-45,140,46.8086378879178,12
"G_87",-70,169.95,-5.09091798595286,12
"G_87",-75,179.9,5.15420295512054,12
"G_88",-60,169.95,39.4151749968286,12
"G_88",-65,179.9,-54.962178340339,12
"G_88",-70,169.95,5.09091798595286,12
"G_88",-65,160,10.2846361234095,12
"G_89",-50,169.95,-58.4031949665382,12
"G_89",-55,179.9,-76.8169293942982,12
"G_89",-60,169.95,-39.4151749968286,12
"G_89",-55,160,175.666388941921,12
"G_90",-40,169.95,11.996861711473,12
"G_90",-45,179.9,-71.3718986998999,12
"G_90",-50,169.95,58.4031949665382,12
"G_90",-45,160,2.95338993039627,12
